grupo	prestador	tabla_km_id	empresa	sucursal	localidad	problema	evidencia	accion	confianza
g1_sanjuan_a	SAN JUAN	91395f08-5980-4e8d-9121-1f8d4839a608	Gobierno de San Juan	BATALLA DE MAIPU	CALINGASTA	pin en Rivadavia/Zonda (-31.559,-68.747), escuela real en Tamberías, Calingasta: 23,6 km cargados vs ~180 reales	search OSM: Escuela Batalla de Maipú, Sarmiento, Tamberías, Calingasta -31.4571846,-69.4218588; route GI->Villa Calingasta 173,5 km	PIN_MANUAL -31.4571846,-69.4218588 fuente=https://www.openstreetmap.org/node/13900321404 + RECALCULAR_KM	alta
g1_sanjuan_a	SAN JUAN	4c835402-3c84-41e6-99fe-bec0e91a5bc0	Gobierno de San Juan	EEE Jose de Cupertino	RIVADAVIA	pin en Mendoza (-33.194,-68.464), 225 km cargados; escuela real en Rivadavia SJ a ~6 km	"search OSM: parada ""Escuela José de Cupertino"", Pje. República Argentina, Bº ATE-API, Rivadavia -31.5132639,-68.5698885 (coincide con geocode de calle Anzorena -31.5127,-68.5750)"	PIN_MANUAL -31.5132639,-68.5698885 fuente=https://www.openstreetmap.org/node/8410690854 + RECALCULAR_KM	alta
g1_sanjuan_a	SAN JUAN	0ec3a936-43d0-4e54-bbb4-96edde1f5470	Gobierno de San Juan	Escuela Autonomia Ciudad de Bailen	SAN MARTIN	pin en San Luis (-33.320,-66.349), 328 km cargados; escuela real en Dos Acequias, San Martín SJ (~15 km)	search OSM: Escuela Autonomía Ciudad de Bailén, Guillermo Rawson, Dos Acequias, San Martín -31.5347946,-68.3994623. Misma escuela que JINZ N.º 12 Auton. Cdad. de Bailen (ff7c9fd4, g2, 212 km): mismo problema	PIN_MANUAL -31.5347946,-68.3994623 fuente=https://www.openstreetmap.org/way/690541545 + RECALCULAR_KM	alta
g1_sanjuan_a	SAN JUAN	9a96eed0-b25c-4e3b-ba8e-36b6b874e359	Gobierno de San Juan	CENTRO DE CONVENCIONES	SAN JUAN	pin 3,5 km al SO del Centro de Convenciones real (Las Heras, Desamparados); impacto nulo (5,5 km, factura 0)	search OSM: Centro de Convenciones Intendente Guillermo Barrena Guzmán -31.5328379,-68.5383366	PIN_MANUAL -31.5328379,-68.5383366 fuente=https://www.openstreetmap.org/node/13915501441 + RECALCULAR_KM	alta
g1_sanjuan_a	SAN JUAN	91ed0855-7a3e-4e34-b2d1-7846de179de0	Gobierno de San Juan	Escuela Dean G. Funes	JACHAL	pin en centroide depto. Jáchal; escuela real en Boca de la Quebrada (Martín Fierro)	pin = centroide del depto. Jáchal (geocode APPROXIMATE), 40 km al este del pueblo; 213,3 km cargados. route GI->Jáchal pueblo 159,4 km (coincide con Abuelito Sarmiento d48fca9a), VF->Jáchal 201,5 km. search OSM: Escuela Dean Gregorio Funes -30.1496683,-68.6608104	PIN_MANUAL -30.1496683,-68.6608104 fuente=https://www.openstreetmap.org/way/688801862 + RECALCULAR_KM	alta
g1_sanjuan_a	SAN JUAN	56f1f656-89ed-4c26-bd09-8c74f5261899	Gobierno de San Juan	Escuela Cap. Frag. H. Buchardo	JACHAL	"pin en centroide depto. Jáchal; escuela real en Mogna (Santa Bárbara S/N, cf. fila g2 08073598 ""Sta. Barbabra S/N Mogna"", negociada 290)"	pin = centroide del depto. Jáchal (geocode APPROXIMATE), 40 km al este del pueblo; 213,3 km cargados. route GI->Jáchal pueblo 159,4 km (coincide con Abuelito Sarmiento d48fca9a), VF->Jáchal 201,5 km. search OSM: Mogna, Jáchal -30.6953161,-68.3603969 (pueblo, no la escuela). Escuela Lorenzo Luzuriaga (Mogna, 3179fc95) mide 122,7 km	PIN_MANUAL -30.6953161,-68.3603969 fuente=https://www.openstreetmap.org/node/198404320 + RECALCULAR_KM	media
g1_sanjuan_a	SAN JUAN	bef36a4d-685b-4b74-8b20-dcfd453de8e0	Gobierno de San Juan	Escuela Agrotecnica Manuel Belgrano	JACHAL	pin en centroide depto. Jáchal; RN150 km 3 está junto al pueblo de Jáchal	"pin = centroide del depto. Jáchal (geocode APPROXIMATE), 40 km al este del pueblo; 213,3 km cargados. route GI->Jáchal pueblo 159,4 km (coincide con Abuelito Sarmiento d48fca9a), VF->Jáchal 201,5 km. search OSM ""Escuela Agrotécnica Manuel Belgrano, Jáchal"": sin resultados"	GESTION (pin en Jáchal pueblo, RN150 km 3 ≈ -30.24,-68.72) + RECALCULAR_KM	media
g1_sanjuan_a	SAN JUAN	eefee21d-557c-407e-b107-b8b54f0d1dbc	Gobierno de San Juan	Escuela Esteban A. Gascon	JACHAL	"pin en centroide depto. Jáchal (""Ex Ruta Nac. S/N"")"	"pin = centroide del depto. Jáchal (geocode APPROXIMATE), 40 km al este del pueblo; 213,3 km cargados. route GI->Jáchal pueblo 159,4 km (coincide con Abuelito Sarmiento d48fca9a), VF->Jáchal 201,5 km. search OSM ""Escuela Esteban Gascón, Jáchal"": sin resultados"	GESTION (ubicar la escuela; km esperado ~160 desde GI, no 213) + RECALCULAR_KM	media
g1_sanjuan_a	SAN JUAN	6f652e17-c034-4046-ad03-81ddb905af15	Gobierno de San Juan	Colegio Sec. Parque Rivadavia Norte	RIVADAVIA	fila vacía con pin en Bs.As./La Pampa (-35.582,-63.109)	search OSM: Colegio Provincial Barrio Parque Rivadavia Norte, María Eva Duarte de Perón, Bº Rivadavia Norte -31.5132063,-68.5814148	PIN_MANUAL -31.5132063,-68.5814148 fuente=https://www.openstreetmap.org/node/11192328286	alta
g1_sanjuan_a	SAN JUAN	be136290-7ba3-4e39-95a9-1c6e8b42a7b5	Gobierno de San Juan	E.P.E.T. Nro 6 LA BEBIDA	RIVADAVIA	fila vacía con pin en centroide de Argentina (-38.416,-63.617)	search OSM: Escuela de Educación Técnica 6, Chubut 8795 (O), Comuna La Bebida, Rivadavia -31.5393423,-68.6295607	PIN_MANUAL -31.5393423,-68.6295607 fuente=https://www.openstreetmap.org/node/10254694222	alta
g1_sanjuan_a	SAN JUAN	554cd4d0-1c2f-4439-909c-192b0893d234	Gobierno de San Juan	E.P.E.T. N° 8 SAN JUAN	SANTA LUCIA	fila vacía con pin en Villa María, Córdoba (-32.410,-63.244)	search OSM: Escuela EPET Nº 8, Av. Libertador Gral. San Martín 3411 (E), Santa Lucía -31.5338375,-68.4810392 (número de calle coincide)	PIN_MANUAL -31.5338375,-68.4810392 fuente=https://www.openstreetmap.org/node/6634718953	alta
g1_sanjuan_a	SAN JUAN	48c1d576-f1b3-40ef-82d7-ee11a556bd72	Gobierno de San Juan	Escuela Dr. Saturnino Salas	CAUCETE	"fila vacía con pin en el Obelisco, CABA (-34.604,-58.382; geocode de ""Buenos Aires S/N"")"	search OSM: Escuela Doctor Saturnino Salas, Manuel Belgrano, El Rincón, Caucete -31.6692284,-68.3185976	PIN_MANUAL -31.6692284,-68.3185976 fuente=https://www.openstreetmap.org/way/692370573	alta
g1_sanjuan_a	SAN JUAN	cfe9b802-050b-4c48-ac23-c9638a496907	Gobierno de San Juan	Escuela Cruce de los Andes	RIVADAVIA	fila vacía con pin en centroide de Argentina	search OSM: Escuela Cruce de Los Andes, República del Líbano 4892 (O), Comuna Sur, Rivadavia -31.5488983,-68.5900694	PIN_MANUAL -31.5488983,-68.5900694 fuente=https://www.openstreetmap.org/node/9344220126	alta
g1_sanjuan_a	SAN JUAN	8d44dc31-48a7-46cb-93b9-fbee0a8cf5fd	Gobierno de San Juan	Escuela Independencia Argentina	RIVADAVIA	fila vacía con pin en Bs.As./La Pampa (-35.582,-63.109)	search OSM: Escuela Independencia Argentina, Gral. Juan Lavalle, Villa Seminario, Rivadavia -31.5367249,-68.5912553	PIN_MANUAL -31.5367249,-68.5912553 fuente=https://www.openstreetmap.org/node/10270674191	alta
g1_sanjuan_a	SAN JUAN	afbd8401-0e76-4ef7-8596-5216ac5f05b1	Gobierno de San Juan	Escuela Docentes Sanjuaninos	RIVADAVIA	fila vacía con pin en centroide de Argentina	search OSM: Escuela Docentes Sanjuaninos, Esmeralda, Comuna Sur, Rivadavia -31.5536085,-68.5649516	PIN_MANUAL -31.5536085,-68.5649516 fuente=https://www.openstreetmap.org/node/10876814775	alta
g1_sanjuan_a	SAN JUAN	bc940928-900f-4700-99f3-f8d3234dcccc	Gobierno de San Juan	Escuela J.Jose de Vertiz	IGLESIA	fila vacía con pin en centroide de Argentina	search OSM: Escuela Juan José de Vertiz, Calle Principal, Bella Vista, Iglesia -30.4327478,-69.2403652	PIN_MANUAL -30.4327478,-69.2403652 fuente=https://www.openstreetmap.org/way/687481245	alta
g1_sanjuan_a	SAN JUAN	a5718054-6212-4bb6-829d-9a375ee56366	Gobierno de San Juan	C.E.N.S. TOMAS A. EDISON (Esc. Republica de Chile)	CHIMBAS	fila vacía con pin en Tucumán (-26.773,-65.204)	search OSM: Escuela República de Chile, Lateral Este Acceso Norte, Villa Mariano Moreno, Chimbas -31.4655928,-68.5182279 (barrio coincide con el domicilio)	PIN_MANUAL -31.4655928,-68.5182279 fuente=https://www.openstreetmap.org/way/706541050	alta
g1_sanjuan_a	SAN JUAN	29164f48-b7c6-4576-b69d-e095e9ffea9a	ADIUM	San Juan	SANCHEZ DE LORIA	fila vacía con pin en Neuquén (RN40 -36.967,-69.794); planta ADIUM está en Sánchez de Loria, Pocito	search OSM: Adium (industrial), Km 3453, Sánchez de Loria, Colonia Rodas, Pocito -31.6275118,-68.5318334	PIN_MANUAL -31.6275118,-68.5318334 fuente=https://www.openstreetmap.org/way/674360670	alta
g1_sanjuan_a	SAN JUAN	45e28daf-cf3f-44ad-8272-802c90a3b620	Gobierno de San Juan	Escuela Constancio C. Vigil	SARMIENTO	fila vacía con pin en centroide de Argentina	"search OSM: parada ""Escuela Constancio Vigil"", Avellaneda, Sarmiento -31.9653386,-68.3220170 (parada de colectivo, no el edificio)"	PIN_MANUAL -31.9653386,-68.3220170 fuente=https://www.openstreetmap.org/node/8591748230	media
g1_sanjuan_a	SAN JUAN	9a059730-74f7-4813-b1a2-c9c86c218c60	Gobierno de San Juan	ENI Nro 54 Santa Rosa	VILLA SANTA ROSA	fila vacía con pin en Villa Santa Rosa de CÓRDOBA (-31.153,-63.399)	search OSM: calle Antonio Torres, Villa Santa Rosa, 25 de Mayo, SJ -31.7410268,-68.3203423 (calle, sin número)	PIN_MANUAL -31.7410268,-68.3203423 fuente=https://www.openstreetmap.org/way/255098593	media
g1_sanjuan_a	SAN JUAN	31b52d17-080d-40cc-ba6b-7129e89e7e36	Gobierno de San Juan	EEE bilingue para sordos	BARRIO OBRERO RAWSON	fila vacía con pin en Rawson, CHUBUT (-43.288,-65.123)	"sin resultado OSM para la escuela; geocode ROOFTOP de Gestión ""Mendoza Sur 855"" -31.5713,-68.5317 cae en Barrio Obrero, Rawson SJ (coherente con localidad)"	PIN_MANUAL -31.5713,-68.5317 fuente=geocode ROOFTOP de Gestión (observaciones)	media
g1_sanjuan_a	SAN JUAN	6df9e3dc-6fff-4670-990e-fca88c36f1d5	Gobierno de San Juan	Escuela Albergue J. M. Estrada	BARRIO OBRERO RAWSON	fila vacía con pin en Rawson, CHUBUT (-43.288,-65.123); mismo domicilio que EEE bilingüe para sordos (31b52d17)	"ídem 31b52d17: geocode ROOFTOP ""Mendoza Sur 855"" -31.5713,-68.5317"	PIN_MANUAL -31.5713,-68.5317 fuente=geocode ROOFTOP de Gestión (observaciones)	media
g1_sanjuan_a	SAN JUAN	18d5da66-ba78-424f-9acd-a129bddc5708	Gobierno de San Juan	ENI N.º 8 Quinoa	RIVADAVIA	fila vacía con pin en Salta (-24.770,-65.423)	"search OSM ""Ibaceta y Arenales, Rivadavia"": sin resultados; geocode de Gestión de la esquina -31.5468,-68.5540 (GEOMETRIC_CENTER)"	PIN_MANUAL -31.5468,-68.5540 fuente=geocode esquina Ibaceta y Arenales (observaciones Gestión)	media
g1_sanjuan_a	SAN JUAN	46fba0ef-784d-4bf4-8972-6c85e6cf8d10	Gobierno de San Juan	ENI N.º 48 Portal Pie de Palo	SAN MARTIN	fila vacía con pin en Santa Fe (-32.049,-61.595)	search OSM sin resultados; indicio: geocode Av. Sarmiento, San Martín SJ -31.5181,-68.3565	GESTION	baja
g1_sanjuan_a	SAN JUAN	fdd74de0-2d02-480b-9178-af956d471a6f	Gobierno de San Juan	ENI N.º 57 Sunyay	25 DE MAYO	fila vacía con pin en centroide de Argentina	"search OSM ""ENI 57 Sunyay"" sin resultados; Ruta 279 (¿RP 279?) 25 de Mayo"	GESTION	baja
g1_sanjuan_a	SAN JUAN	b5ac3f09-974d-47c4-a980-183162f61724	Gobierno de San Juan	ENI N.º 66 Pequeños Granaderos	9 DE JULIO	fila vacía con pin en centroide de Argentina	search OSM sin resultados; indicio: 9 de Julio SJ -31.6532,-68.3927 (geocode APPROXIMATE)	GESTION	baja
g1_sanjuan_a	SAN JUAN	ae78d862-1f5d-41af-a559-2f043b6ff9db	Gobierno de San Juan	Escuela El Jardin de Mimosaurio	RIVADAVIA	fila vacía con pin en centroide de Argentina	search OSM sin resultados; Perón y Larralde = Bº Parque Rivadavia Norte (cf. 6f652e17 -31.5132,-68.5814), indicio geocode Larralde -31.5160,-68.5625	GESTION (probable -31.513,-68.581)	baja
g1_sanjuan_a	SAN JUAN	d0e58ece-b620-478d-a136-e7bc46f98243	Gobierno de San Juan	ENI N.º 81 Huellitas de amor	ULLUM	pin redondeado -31.483333,-68.7 (geocode de la localidad, no de la escuela); 32 km, ratio 1,83	"search OSM ""Escuela Huellitas de Amor, Ullum"" sin resultados; Ullum pueblo ≈ -31.43,-68.70 (6 km al norte del pin)"	GESTION	baja
g1_sanjuan_a	SAN JUAN	29b5012c-fd52-449d-9d52-6e7bd70ae46c	Gobierno de San Juan	ENI N.º 74	CALINGASTA	KM_MUY_SUPERIOR_A_LINEA_RECTA (x2,33) es ruta real: a Calingasta/Barreal se va por RN149 vía Talacasto	route OSRM GI->Villa Calingasta 173,5 km (recta 86 km); Barreal está 35 km más al sur, 210 km coherente	OK	alta
g1_sanjuan_a	SAN JUAN	d36c4d7f-2911-4207-bb9d-b9e81035ac46	Gobierno de San Juan	Escuela Batalla de Chacabuco	CALINGASTA	KM_MUY_SUPERIOR_A_LINEA_RECTA (x2,29) es ruta real (RN149 Sorocayense)	route OSRM GI->Villa Calingasta 173,5 km; 190 km a Sorocayense coherente	OK	alta
g1_sanjuan_a	SAN JUAN	c294e131-d0e1-49b8-b58d-316b9c2d3b2c	Gobierno de San Juan	Escuela 12 de octubre	CALINGASTA	ratio 2,12 (130 km) es ruta real por RN149	pin -31.284,-69.104 sobre RN149 entre Talacasto y Calingasta; ruta a Calingasta 173,5 km	OK	media
g1_sanjuan_a	SAN JUAN	109928b6-7d5a-4aad-a436-fd5e9f938893	Gobierno de San Juan	Escuela Clotilde Guillen de Rezzano	CALINGASTA	ratio 2,07 (178 km, La Isla, Calingasta) es ruta real	route OSRM GI->Villa Calingasta 173,5 km	OK	alta
g1_sanjuan_a	SAN JUAN	474ca372-2fb0-4c00-83db-7080cb96e209	Gobierno de San Juan	EEE Luis Braille	SAN JUAN	ratio 2,22 sobre 0,9 km en línea recta: efecto de vuelta manzana, factura 0	2,0 km ida, bajo umbral	OK	alta
g1_sanjuan_a	SAN JUAN	f22e4d01-102c-4c34-b5f2-fc5d0cf8ec99	Gobierno de San Juan	E.P.E.T. N° 2	SAN JUAN	ratio 0,9 sobre 0,5 km: redondeo en distancias urbanas, factura 0	0,45 km ida	OK	alta
g1_sanjuan_a	SAN JUAN	1d2dda7b-e305-405c-9090-fbc164edaaff	Gobierno de San Juan	Escuela Ernestina E. de Andino	SAN MARTIN	SIN_SIGES_ID con negociado 50,7	"no hay fila con siges_sucursal_id para ""Escuela Ernestina E. de Andino"" en tabla_km"	TL	baja
g1_sanjuan_a	SAN JUAN	93d74af2-268a-47f3-815b-e5251f43a8e4	Gobierno de San Juan	Escuela Agrotecnica Ejercito Argentino	SAN AGUSTIN DEL VALLE FERTIL	NEGOCIADO_MUY_SUPERIOR: factura 500 km vs sede SPST Valle Fértil a <1 km	"negociado ~500 km (ida 250 = San Juan capital -> Valle Fértil) pero la sede SPST ""GSJ - Escuelas Valle Fertil"" está a <1 km; las 4 filas medidas de VF dan 0,3-10,9 km y facturan 0 (bb52784a, 52b1d505, a826838e, 8f13bc77). Definir si las escuelas de VF se pagan desde San Juan o desde la sede local"	TL	alta
g1_sanjuan_a	SAN JUAN	cc20b453-463d-49d5-9b59-c8031a66c5d6	Gobierno de San Juan	Escuela Albergue Casa del Niño	SAN AGUSTIN DEL VALLE FERTIL	NEGOCIADO_MUY_SUPERIOR: factura 500 km vs sede SPST Valle Fértil a <1 km	"negociado ~500 km (ida 250 = San Juan capital -> Valle Fértil) pero la sede SPST ""GSJ - Escuelas Valle Fertil"" está a <1 km; las 4 filas medidas de VF dan 0,3-10,9 km y facturan 0 (bb52784a, 52b1d505, a826838e, 8f13bc77). Definir si las escuelas de VF se pagan desde San Juan o desde la sede local"	TL	alta
g1_sanjuan_a	SAN JUAN	15406c30-2ea1-4a3c-a93f-b0a6949757db	Gobierno de San Juan	Escuela BENITO LYNCH	SAN AGUSTIN DEL VALLE FERTIL	NEGOCIADO_MUY_SUPERIOR: factura 417 km vs sede SPST Valle Fértil a <1 km	"negociado ~500 km (ida 250 = San Juan capital -> Valle Fértil) pero la sede SPST ""GSJ - Escuelas Valle Fertil"" está a <1 km; las 4 filas medidas de VF dan 0,3-10,9 km y facturan 0 (bb52784a, 52b1d505, a826838e, 8f13bc77). Definir si las escuelas de VF se pagan desde San Juan o desde la sede local"	TL	alta
g1_sanjuan_a	SAN JUAN	af7151ae-9467-41e8-99ba-d19f307b72a7	Gobierno de San Juan	Escuela Baldomero F. Moreno	SAN AGUSTIN DEL VALLE FERTIL	NEGOCIADO_MUY_SUPERIOR: factura 388 km vs sede SPST Valle Fértil a <1 km	"negociado ~500 km (ida 250 = San Juan capital -> Valle Fértil) pero la sede SPST ""GSJ - Escuelas Valle Fertil"" está a <1 km; las 4 filas medidas de VF dan 0,3-10,9 km y facturan 0 (bb52784a, 52b1d505, a826838e, 8f13bc77). Definir si las escuelas de VF se pagan desde San Juan o desde la sede local"	TL	alta
g1_sanjuan_a	SAN JUAN	bdd817b9-c60d-4ee3-bd23-806c863cc8ef	Gobierno de San Juan	Escuela Bethsabe Pelliza de Espinoza	SAN AGUSTIN DEL VALLE FERTIL	NEGOCIADO_MUY_SUPERIOR: factura 522 km vs sede SPST Valle Fértil a <1 km	"negociado ~500 km (ida 250 = San Juan capital -> Valle Fértil) pero la sede SPST ""GSJ - Escuelas Valle Fertil"" está a <1 km; las 4 filas medidas de VF dan 0,3-10,9 km y facturan 0 (bb52784a, 52b1d505, a826838e, 8f13bc77). Definir si las escuelas de VF se pagan desde San Juan o desde la sede local"	TL	alta
g1_sanjuan_a	SAN JUAN	b5785e9d-5b8a-4fa6-9b15-641de56f9b84	Gobierno de San Juan	Escuela Dra. Julieta Lanteri	SAN AGUSTIN DEL VALLE FERTIL	NEGOCIADO_MUY_SUPERIOR: factura 517 km vs sede SPST Valle Fértil a <1 km	"negociado ~500 km (ida 250 = San Juan capital -> Valle Fértil) pero la sede SPST ""GSJ - Escuelas Valle Fertil"" está a <1 km; las 4 filas medidas de VF dan 0,3-10,9 km y facturan 0 (bb52784a, 52b1d505, a826838e, 8f13bc77). Definir si las escuelas de VF se pagan desde San Juan o desde la sede local"	TL	alta
g1_sanjuan_a	SAN JUAN	8ba85f02-c526-49ce-b70c-aedc78d4de44	Gobierno de San Juan	Escuela Franklin Rawson	SAN AGUSTIN DEL VALLE FERTIL	NEGOCIADO_MUY_SUPERIOR: factura 505 km vs sede SPST Valle Fértil a <1 km	"negociado ~500 km (ida 250 = San Juan capital -> Valle Fértil) pero la sede SPST ""GSJ - Escuelas Valle Fertil"" está a <1 km; las 4 filas medidas de VF dan 0,3-10,9 km y facturan 0 (bb52784a, 52b1d505, a826838e, 8f13bc77). Definir si las escuelas de VF se pagan desde San Juan o desde la sede local"	TL	alta
g1_sanjuan_a	SAN JUAN	d5765b54-b4f0-4cb5-96e2-0e555d30be60	Gobierno de San Juan	Escuela Armada Argentina	LOS BALDECITOS	NEGOCIADO_MUY_SUPERIOR: factura 570 km vs sede SPST Valle Fértil a 51 km	"negociado ~500 km (ida 250 = San Juan capital -> Valle Fértil) pero la sede SPST ""GSJ - Escuelas Valle Fertil"" está a <1 km; las 4 filas medidas de VF dan 0,3-10,9 km y facturan 0 (bb52784a, 52b1d505, a826838e, 8f13bc77). Definir si las escuelas de VF se pagan desde San Juan o desde la sede local"	TL	alta
g1_sanjuan_a	SAN JUAN	64735321-1742-4798-9bad-07b67669dd00	Gobierno de San Juan	Escuela Jose Ignacio F. Maradona	BALDE DEL ROSARIO	NEGOCIADO_MUY_SUPERIOR: factura 592 km vs sede SPST Valle Fértil a 41 km	"negociado ~500 km (ida 250 = San Juan capital -> Valle Fértil) pero la sede SPST ""GSJ - Escuelas Valle Fertil"" está a <1 km; las 4 filas medidas de VF dan 0,3-10,9 km y facturan 0 (bb52784a, 52b1d505, a826838e, 8f13bc77). Definir si las escuelas de VF se pagan desde San Juan o desde la sede local"	TL	alta
g1_sanjuan_a	SAN JUAN	c5db7184-57f1-4308-9caf-006d4ed56550	Gobierno de San Juan	ISFD Normal Superior Sarmiento	SAN JUAN	"DUP_SIGES 12071: conservar (nombre Siges 2026-09-05) y archivar 371e9e19-e9d9-4705-868c-e3a564778487 ""ISFD Sarmiento"""	la archivada no tiene km ni negociado (kms_a_facturar 0); en cobertura_incidentes los incidentes 2026-08 ya vienen con el nombre nuevo y los viejos (≤2026-07) con el viejo: Siges renombró la sucursal	ARCHIVAR 371e9e19-e9d9-4705-868c-e3a564778487	alta
g1_sanjuan_a	SAN JUAN	eeec3ba4-51cb-4380-8ec5-79b9531b7548	Gobierno de San Juan	ISFD Normal Superior Gral San Martin	SAN JUAN	"DUP_SIGES 12072: conservar (nombre Siges 2026-09-05) y archivar 4f19db1e-639b-403d-b5b8-28c940387306 ""ISFD Gral. San Martin"""	la archivada no tiene km ni negociado (kms_a_facturar 0); en cobertura_incidentes los incidentes 2026-08 ya vienen con el nombre nuevo y los viejos (≤2026-07) con el viejo: Siges renombró la sucursal	ARCHIVAR 4f19db1e-639b-403d-b5b8-28c940387306	alta
g1_sanjuan_a	SAN JUAN	cd536a5f-aae9-430d-928c-17bb7e6b29d7	Gobierno de San Juan	Escuela Liceo Paula A. De Sarmiento	SAN JUAN	"DUP_SIGES 12076: conservar (nombre Siges 2026-09-05) y archivar dc94cb2e-9d0a-4c86-a431-b77ea919f5af ""Escuela Paula A. De Sarmiento"""	la archivada no tiene km ni negociado (kms_a_facturar 0); en cobertura_incidentes los incidentes 2026-08 ya vienen con el nombre nuevo y los viejos (≤2026-07) con el viejo: Siges renombró la sucursal	ARCHIVAR dc94cb2e-9d0a-4c86-a431-b77ea919f5af	alta
g1_sanjuan_a	SAN JUAN	a1e9eb7d-63c1-4e50-8575-a448c95fa72f	Gobierno de San Juan	Escuela Pcial. Tec. Nro 7 Barrio Aramburu	RIVADAVIA	"DUP_SIGES 12232: conservar (nombre Siges 2026-09-05) y archivar 02157d71-c0d3-4169-ad0d-a2e3559a2d6e ""Escuela Pcial. Tec. N.° 7"""	la archivada no tiene km ni negociado (kms_a_facturar 0); en cobertura_incidentes los incidentes 2026-08 ya vienen con el nombre nuevo y los viejos (≤2026-07) con el viejo: Siges renombró la sucursal	ARCHIVAR 02157d71-c0d3-4169-ad0d-a2e3559a2d6e	alta
g1_sanjuan_a	SAN JUAN	91256661-7a24-4a50-87d1-8c34072cceab	Gobierno de San Juan	Escuela Centro de Educacion Nro 20	SANTA LUCIA	"DUP_SIGES 12247: conservar (nombre Siges 2026-09-05) y archivar f3a88c68-659d-413b-9ee2-c85bb7bd4ffe ""Escuela N.° 20 Roque Saenz Peña"""	la archivada no tiene km ni negociado (kms_a_facturar 0); en cobertura_incidentes los incidentes 2026-08 ya vienen con el nombre nuevo y los viejos (≤2026-07) con el viejo: Siges renombró la sucursal	ARCHIVAR f3a88c68-659d-413b-9ee2-c85bb7bd4ffe	alta
g1_sanjuan_a	SAN JUAN	d48fca9a-0f3e-4908-af7a-b9555a57d59e	Gobierno de San Juan	Escuela Normal Abuelito Sarmiento	JACHAL	"DUP_SIGES 12248: conservar (nombre Siges 2026-09-05) y archivar 10885758-e28d-41ac-a17c-fd19c7faaecf ""Escuela Abuelito Sarmiento"""	la archivada no tiene km ni negociado (kms_a_facturar 0); en cobertura_incidentes los incidentes 2026-08 ya vienen con el nombre nuevo y los viejos (≤2026-07) con el viejo: Siges renombró la sucursal	ARCHIVAR 10885758-e28d-41ac-a17c-fd19c7faaecf	alta
g1_sanjuan_a	SAN JUAN	13b7ca11-f239-43cd-a7d5-d4e26d025c0a	Gobierno de San Juan	Escuela Presbistero Mariano Iannelli	CAUCETE	"DUP_SIGES 12266: conservar (nombre Siges 2026-09-05) y archivar 823f68f8-7d6c-467b-afec-fee140c78494 ""Escuela Pte. M. Iannelli"""	la archivada no tiene km ni negociado (kms_a_facturar 0); en cobertura_incidentes los incidentes 2026-08 ya vienen con el nombre nuevo y los viejos (≤2026-07) con el viejo: Siges renombró la sucursal	ARCHIVAR 823f68f8-7d6c-467b-afec-fee140c78494	alta
g1_sanjuan_a	SAN JUAN	5ab62ffa-ac9e-4ab9-b62a-1e3e905fef47	Gobierno de San Juan	EEE Graciela C. de Cantoni	SANTA LUCIA	"DUP_SIGES 12357: conservar (nombre Siges 2026-09-05) y archivar 55e0145f-c6da-4b95-a8f2-6bd40a3e4a12 ""Escuela Graciela C. de Cantoni"""	la archivada no tiene km ni negociado (kms_a_facturar 0); en cobertura_incidentes los incidentes 2026-08 ya vienen con el nombre nuevo y los viejos (≤2026-07) con el viejo: Siges renombró la sucursal	ARCHIVAR 55e0145f-c6da-4b95-a8f2-6bd40a3e4a12	alta
g1_sanjuan_a	SAN JUAN	cce90700-7379-4942-970b-7a1a21d993ba	Gobierno de San Juan	JINZ Nro 50 Esc. Patricias Mendocinas	RAWSON	"DUP_SIGES 12421: conservar (nombre Siges 2026-09-05) y archivar 3af572b3-4b03-4b16-9e04-1b4ad4a50a20 ""JINZ N.º 50"""	la archivada no tiene km ni negociado (kms_a_facturar 0); en cobertura_incidentes los incidentes 2026-08 ya vienen con el nombre nuevo y los viejos (≤2026-07) con el viejo: Siges renombró la sucursal	ARCHIVAR 3af572b3-4b03-4b16-9e04-1b4ad4a50a20	alta
g1_sanjuan_a	SAN JUAN	abc3e110-76ee-4620-8a9e-fe54935e80b9	Gobierno de San Juan	Instituto Sup. Técnico de San Martín (Anexo)	SAN MARTIN	"DUP_SIGES 13986: conservar (nombre Siges 2026-09-05) y archivar 9c351f79-5c27-4148-95ae-5f7330fcc54a ""Escuela Tec. de San Martin (Anexo)"""	la archivada no tiene km ni negociado (kms_a_facturar 0); en cobertura_incidentes los incidentes 2026-08 ya vienen con el nombre nuevo y los viejos (≤2026-07) con el viejo: Siges renombró la sucursal	ARCHIVAR 9c351f79-5c27-4148-95ae-5f7330fcc54a	alta
g1_sanjuan_a	SAN JUAN	56cbe714-9f52-4ea8-a6e3-3df8b0877f53	Gobierno de San Juan	JINZ 49 sede Rosario Vera Peñaloza	RAWSON	"DUP_SIGES 14428: conservar (nombre Siges 2026-09-05) y archivar b2a74e72-2933-40ae-844e-5d1a759da1c3 ""JINZ 49 sede en Rosario Vera Peñaloza"""	la archivada no tiene km ni negociado (kms_a_facturar 0); en cobertura_incidentes los incidentes 2026-08 ya vienen con el nombre nuevo y los viejos (≤2026-07) con el viejo: Siges renombró la sucursal	ARCHIVAR b2a74e72-2933-40ae-844e-5d1a759da1c3	alta
g1_sanjuan_a	SAN JUAN	409be96c-5be4-4a13-96cb-b3d5677f02f6	Gobierno de San Juan	JINZ Nro 39 sede Pedro Cortinez	SANTA LUCIA	"DUP_SIGES 14455: conservar (nombre Siges 2026-09-05) y archivar dec3ec9d-2ba7-4359-81b1-c4b1f05eee94 ""JINZ N° 39 sede Pedro Cortinez"""	la archivada no tiene km ni negociado (kms_a_facturar 0); en cobertura_incidentes los incidentes 2026-08 ya vienen con el nombre nuevo y los viejos (≤2026-07) con el viejo: Siges renombró la sucursal	ARCHIVAR dec3ec9d-2ba7-4359-81b1-c4b1f05eee94	alta
g1_sanjuan_a	SAN JUAN	1b81f969-8615-4781-8ba6-c79c34c2d12d	Gobierno de San Juan	Anexo 2 del Centro de Formación Prof. Nro 1 de Rawson	CAUCETE	"DUP_SIGES 14456: conservar (nombre Siges 2026-09-05) y archivar d28d2a26-7a8e-4ed2-9096-e7b15ea9563b ""Anexo N.º 2 del Centro de Formación Profesional N.º 1 de Rawson"""	la archivada no tiene km ni negociado (kms_a_facturar 0); en cobertura_incidentes los incidentes 2026-08 ya vienen con el nombre nuevo y los viejos (≤2026-07) con el viejo: Siges renombró la sucursal	ARCHIVAR d28d2a26-7a8e-4ed2-9096-e7b15ea9563b	alta
g1_sanjuan_a	SAN JUAN	0c1bac85-4fab-45fe-9df0-a8504bfd9672	Gobierno de San Juan	Escuela de Capacitacion Laboral Tambor de Tacuari	CHIMBAS	"DUP_SIGES 14457: conservar (nombre Siges 2026-09-05) y archivar a1ba2dd8-e371-461e-ba08-a9f66cd36409 ""Escuela Técnica de Capacitación Laboral Tambor de Tacuari"""	la archivada no tiene km ni negociado (kms_a_facturar 0); en cobertura_incidentes los incidentes 2026-08 ya vienen con el nombre nuevo y los viejos (≤2026-07) con el viejo: Siges renombró la sucursal	ARCHIVAR a1ba2dd8-e371-461e-ba08-a9f66cd36409	alta
g1_sanjuan_a	SAN JUAN	c66423da-eed5-4873-9887-972526b6eeb7	Gobierno de San Juan	JINZ Nro 37 anexo Escuela Padro de Marquez	RIVADAVIA	"DUP_SIGES 14486: conservar (nombre Siges 2026-09-05) y archivar ea8c835f-25be-4f01-bf26-550166c654b6 ""JINZ N°37 anexo Escuela Padro de Marquez"""	la archivada no tiene km ni negociado (kms_a_facturar 0); en cobertura_incidentes los incidentes 2026-08 ya vienen con el nombre nuevo y los viejos (≤2026-07) con el viejo: Siges renombró la sucursal	ARCHIVAR ea8c835f-25be-4f01-bf26-550166c654b6	alta
g1_sanjuan_a	SAN JUAN	4d11cdb1-48c7-4e75-9757-010054593ceb	Gobierno de San Juan	Escuela Teniente Pedro Fonseca	SAN JUAN	"DUP_SIGES 3142: conservar (nombre Siges 2026-09-05) y archivar b145aace-9e2a-45b4-8588-cb0d08165b66 ""Escuela Pedro Fonseca"""	la archivada no tiene km ni negociado (kms_a_facturar 0); en cobertura_incidentes los incidentes 2026-08 ya vienen con el nombre nuevo y los viejos (≤2026-07) con el viejo: Siges renombró la sucursal	ARCHIVAR b145aace-9e2a-45b4-8588-cb0d08165b66	alta
g1_sanjuan_a	SAN JUAN	a1ca1273-492b-4929-bef0-46d4674ddda0	Gobierno de San Juan	Escuela Arturo Capdevila	CHIMBAS	"DUP_SIGES 3513: conservar (nombre Siges 2026-09-05) y archivar 8d5d5d28-9eb1-4937-87e4-514f242a27a9 ""JINZ N.º 47 Escuela Arturo Capdevila"""	la archivada no tiene km ni negociado (kms_a_facturar 0); en cobertura_incidentes los incidentes 2026-08 ya vienen con el nombre nuevo y los viejos (≤2026-07) con el viejo: Siges renombró la sucursal	ARCHIVAR 8d5d5d28-9eb1-4937-87e4-514f242a27a9	alta
g1_sanjuan_a	SAN JUAN	109928b6-7d5a-4aad-a436-fd5e9f938893	Gobierno de San Juan	Escuela Clotilde Guillen de Rezzano	CALINGASTA	"DUP_SIGES 3525: conservar (nombre Siges 2026-09-05) y archivar 3b104e20-c658-4d7f-9f26-2f4d4dccc274 ""CLOTILDE GUILLEN DE REZZANO"""	la archivada no tiene km ni negociado (kms_a_facturar 0); en cobertura_incidentes los incidentes 2026-08 ya vienen con el nombre nuevo y los viejos (≤2026-07) con el viejo: Siges renombró la sucursal	ARCHIVAR 3b104e20-c658-4d7f-9f26-2f4d4dccc274	alta
g1_sanjuan_a	SAN JUAN	2d12f54d-fbaa-4ddc-a14a-cc945aeb155a	Gobierno de San Juan	Escuela de Nivel Medio Niquivil	JACHAL	"DUP_SIGES 3546: conservar (nombre Siges 2026-09-05) y archivar 902d0654-b8da-4638-8dfa-26c18f3a2618 ""Escuela Niquivil"""	la archivada no tiene km ni negociado (kms_a_facturar 0); en cobertura_incidentes los incidentes 2026-08 ya vienen con el nombre nuevo y los viejos (≤2026-07) con el viejo: Siges renombró la sucursal	ARCHIVAR 902d0654-b8da-4638-8dfa-26c18f3a2618	alta
g1_sanjuan_a	SAN JUAN	2b91be59-dcb9-4893-be5d-28a5c8090159	Gobierno de San Juan	Escuela Primaria Blas Parera	CHIMBAS	"DUP_SIGES 3588: conservar (nombre Siges 2026-09-05) y archivar f7f59cd6-cd16-44c8-ad4b-81a4d1c5b6fd ""Escuela Blas Parera"""	la archivada no tiene km ni negociado (kms_a_facturar 0); en cobertura_incidentes los incidentes 2026-08 ya vienen con el nombre nuevo y los viejos (≤2026-07) con el viejo: Siges renombró la sucursal	ARCHIVAR f7f59cd6-cd16-44c8-ad4b-81a4d1c5b6fd	alta
g1_sanjuan_a	SAN JUAN	af3899c4-d630-498a-b944-375897eee884	Gobierno de San Juan	Escuela Obrero Argentino - E.T.O.A.	SAN JUAN	"DUP_SIGES 3614: conservar (nombre Siges 2026-09-05) y archivar b3eae4cb-fbc5-46ae-88c1-bff9866d2714 ""Escuela Obrero Argentino"""	la archivada no tiene km ni negociado (kms_a_facturar 0); en cobertura_incidentes los incidentes 2026-08 ya vienen con el nombre nuevo y los viejos (≤2026-07) con el viejo: Siges renombró la sucursal	ARCHIVAR b3eae4cb-fbc5-46ae-88c1-bff9866d2714	alta
g1_sanjuan_a	SAN JUAN	58cf506b-2755-4723-88a4-8166cfdae829	Gobierno de San Juan	Instituto Superior de Educacion Fisica de SJ	SANTA LUCIA	"DUP_SIGES 3621: conservar (nombre Siges 2026-09-05) y archivar bec6cc1e-9054-4df7-aeba-f9ff577b7559 ""Escuela de Educ. Fisica"""	la archivada no tiene km ni negociado (kms_a_facturar 0); en cobertura_incidentes los incidentes 2026-08 ya vienen con el nombre nuevo y los viejos (≤2026-07) con el viejo: Siges renombró la sucursal	ARCHIVAR bec6cc1e-9054-4df7-aeba-f9ff577b7559	alta
g1_sanjuan_a	SAN JUAN	807942f3-1181-4bb6-9c55-ce42ff9e92f9	Gobierno de San Juan	Escuela Primaria Pcia. de Tucuman	RIVADAVIA	"DUP_SIGES 3714: conservar (nombre Siges 2026-09-05) y archivar 20efeaa4-10c6-4188-a104-ebea84a44f5a ""Escuela Pcia. de Tucuman"""	la archivada no tiene km ni negociado (kms_a_facturar 0); en cobertura_incidentes los incidentes 2026-08 ya vienen con el nombre nuevo y los viejos (≤2026-07) con el viejo: Siges renombró la sucursal	ARCHIVAR 20efeaa4-10c6-4188-a104-ebea84a44f5a	alta
g1_sanjuan_a	SAN JUAN	494e7f2e-72ad-4f79-a9c2-dc11b79e1e32	Gobierno de San Juan	Instituto Sup. de Bibliotecologia Mariano Moreno	SAN JUAN	"DUP_SIGES 6365: conservar (nombre Siges 2026-09-05) y archivar 588d19da-055e-428b-be52-43100054347f ""Escuela Sup. Mariano Moreno"""	la archivada no tiene km ni negociado (kms_a_facturar 0); en cobertura_incidentes los incidentes 2026-08 ya vienen con el nombre nuevo y los viejos (≤2026-07) con el viejo: Siges renombró la sucursal	ARCHIVAR 588d19da-055e-428b-be52-43100054347f	alta
g1_sanjuan_a	SAN JUAN	cbc6f8d7-989a-4075-96e1-8866c94346ad	Gobierno de San Juan	Escuela Sec. Profesora Isabel Girones	CHIMBAS	"DUP_SIGES 6617: conservar (nombre Siges 2026-09-05) y archivar c4105834-af32-45df-934b-787fb8d62fab ""Escuela Isabel Girones"""	la archivada no tiene km ni negociado (kms_a_facturar 0); en cobertura_incidentes los incidentes 2026-08 ya vienen con el nombre nuevo y los viejos (≤2026-07) con el viejo: Siges renombró la sucursal	ARCHIVAR c4105834-af32-45df-934b-787fb8d62fab	alta
g1_sanjuan_a	SAN JUAN	59d5e7ff-6de8-410f-ac33-808a73f87774	Gobierno de San Juan	ENI Nro 55 sede Barrio Los Pinos	CHIMBAS	"DUP_SIGES 9098: conservar (nombre Siges 2026-09-05) y archivar 4a5786aa-e45c-4f6b-9428-60977e5f6a12 ""ENI N.º 55 Los Pinos"""	la archivada no tiene km ni negociado (kms_a_facturar 0); en cobertura_incidentes los incidentes 2026-08 ya vienen con el nombre nuevo y los viejos (≤2026-07) con el viejo: Siges renombró la sucursal	ARCHIVAR 4a5786aa-e45c-4f6b-9428-60977e5f6a12	alta
g1_sanjuan_a	SAN JUAN	9c55f5db-5a9f-4420-a5e7-aba00d17e9d3	Gobierno de San Juan	ENI Nro 63 25 de mayo	SAN JUAN	"DUP_SIGES 9106: conservar (nombre Siges 2026-09-05) y archivar 29efc6d7-8d0d-433c-bf1e-a9291933d447 ""ENI N.º 63 25 de mayo"""	la archivada no tiene km ni negociado (kms_a_facturar 0); en cobertura_incidentes los incidentes 2026-08 ya vienen con el nombre nuevo y los viejos (≤2026-07) con el viejo: Siges renombró la sucursal	ARCHIVAR 29efc6d7-8d0d-433c-bf1e-a9291933d447	alta
g1_sanjuan_a	SAN JUAN	d26af296-29c4-40f7-ad20-0f420bdb4f51	Gobierno de San Juan	ENI Nro 65 Esc. Salvador M. Del Carril	CHIMBAS	"DUP_SIGES 9108: conservar (nombre Siges 2026-09-05) y archivar 48264dce-6941-4511-87d8-84fdaf0b16b0 ""ENI N.º 65"""	la archivada no tiene km ni negociado (kms_a_facturar 0); en cobertura_incidentes los incidentes 2026-08 ya vienen con el nombre nuevo y los viejos (≤2026-07) con el viejo: Siges renombró la sucursal	ARCHIVAR 48264dce-6941-4511-87d8-84fdaf0b16b0	alta
g1_sanjuan_a	SAN JUAN	04e4d232-9455-42e0-b155-fabb778b5e0f	Gobierno de San Juan	JINZ Nro 10 Jose M. del Carril	SARMIENTO	"DUP_SIGES 9120: conservar (nombre Siges 2026-09-05) y archivar 90615ba9-cf48-4ce1-9197-13d26172c526 ""Escuela Jose M. del Carril"""	la archivada no tiene km ni negociado (kms_a_facturar 0); en cobertura_incidentes los incidentes 2026-08 ya vienen con el nombre nuevo y los viejos (≤2026-07) con el viejo: Siges renombró la sucursal	ARCHIVAR 90615ba9-cf48-4ce1-9197-13d26172c526	alta
g1_sanjuan_a	SAN JUAN	4bad1351-c05f-4499-a3b1-b2dd69aa52eb	Gobierno de San Juan	JINZ Nro 55 Jose Maria de los Rios	CAUCETE	"DUP_SIGES 9160: conservar (nombre Siges 2026-09-05) y archivar ccb3ea55-6291-445f-993c-f527ea0d1e83 ""JINZ N.º 55 Jose Maria"""	la archivada no tiene km ni negociado (kms_a_facturar 0); en cobertura_incidentes los incidentes 2026-08 ya vienen con el nombre nuevo y los viejos (≤2026-07) con el viejo: Siges renombró la sucursal	ARCHIVAR ccb3ea55-6291-445f-993c-f527ea0d1e83	alta
g1_sanjuan_a	SAN JUAN	0182359e-5e90-4104-8e2c-a213a08839af	Gobierno de San Juan	JINZ Nro 6 - 17 de Agosto	LAS FLORES	"DUP_SIGES 9161: conservar (nombre Siges 2026-09-05) y archivar e81d2681-b4d8-4e75-857b-b90fe92a959e ""JINZ N.º 6 17 de Agosto"""	la archivada no tiene km ni negociado (kms_a_facturar 0); en cobertura_incidentes los incidentes 2026-08 ya vienen con el nombre nuevo y los viejos (≤2026-07) con el viejo: Siges renombró la sucursal	ARCHIVAR e81d2681-b4d8-4e75-857b-b90fe92a959e	alta
g1_sanjuan_a	SAN JUAN	925e82bd-4f26-43a3-ac84-de050e119a7e	Gobierno de San Juan	Escuela Prov. Tec. Nro 1 de Caucete	CAUCETE	"DUP_SIGES 3114: conservar (nombre Siges 2026-09-05) y archivar 0cd9e117-c7df-42e9-b2f4-c690f4056834 ""Escuela Prov. Tec. N.º 1"""	la vieja tiene negociado 57.9 y la nueva medido 55.88 (diferencia <7 %): se conserva la medida, no hace falta trasladar	ARCHIVAR 0cd9e117-c7df-42e9-b2f4-c690f4056834	alta
g1_sanjuan_a	SAN JUAN	be8fdd79-f1f5-499b-96c5-7e128a2a4b78	Gobierno de San Juan	JINZ Nro 32 -Escuela Eusebio S. Zapata	9 DE JULIO	"DUP_SIGES 3526: conservar (nombre Siges 2026-09-05) y archivar e4cf54fd-64b4-4aa5-be71-184e8179d9a7 ""JINZ Nro 32"""	la vieja tiene negociado 55.6 y la nueva medido 56.068 (diferencia <7 %): se conserva la medida, no hace falta trasladar	ARCHIVAR e4cf54fd-64b4-4aa5-be71-184e8179d9a7	alta
g1_sanjuan_a	SAN JUAN	0e31f653-1f04-4c21-8fad-5c1fd8b5e041	Gobierno de San Juan	E.P.E.T. Nº 9 Dr. RENÉ FAVALORO	ULLUM	"DUP_SIGES 3616: conservar (nombre Siges 2026-09-05) y archivar 0b61acc5-f442-4339-873b-7b4a57d79b1b ""Escuela Prov. Tec. N.º 9 Rene Favaloro"""	la vieja tiene negociado 67.1 y la nueva medido 66.179 (diferencia <7 %): se conserva la medida, no hace falta trasladar	ARCHIVAR 0b61acc5-f442-4339-873b-7b4a57d79b1b	alta
g1_sanjuan_a	SAN JUAN	605a550c-0713-4aa1-b9f3-ee5b52d51a25	Gobierno de San Juan	JINZ Nro 14 Dr. Houssay	ANGACO	"DUP_SIGES 9124: conservar (nombre Siges 2026-09-05) y archivar 8bca1a3e-f621-4e6b-92bf-675234537b10 ""JINZ N.º 14 Dr. Houssay"""	la vieja tiene negociado 59.5 y la nueva medido 60.01 (diferencia <7 %): se conserva la medida, no hace falta trasladar	ARCHIVAR 8bca1a3e-f621-4e6b-92bf-675234537b10	alta
g1_sanjuan_a	SAN JUAN	36e4ade9-d50e-4510-8e7a-be74b5dfb1e0	Gobierno de San Juan	JINZ Nro 34 Jose Maria Paz	ALBARDON	"DUP_SIGES 9143: conservar (nombre Siges 2026-09-05) y archivar 27ecd47a-616a-4f99-bcef-9c47f216eac8 ""JINZ N.º 34 Jose Maria Paz"""	la vieja tiene negociado 38.7 y la nueva medido 38.301 (diferencia <7 %): se conserva la medida, no hace falta trasladar	ARCHIVAR 27ecd47a-616a-4f99-bcef-9c47f216eac8	alta
g1_sanjuan_a	SAN JUAN	a6fe3d5a-8897-4dd0-b82f-bc51fc305ee0	Gobierno de San Juan	ENI Nro 69 Rinconcito de Luz	25 DE MAYO	"DUP_SIGES 12223: conservar (nombre Siges 2026-09-05) y archivar 1f87e51d-d48e-4166-bd58-65d6fae6ae9e ""ENI N.º 69 Rinconcito de Luz"""	la vieja tiene negociado 42.5 y la nueva medido 39.86 (diferencia <7 %): se conserva la medida, no hace falta trasladar	ARCHIVAR 1f87e51d-d48e-4166-bd58-65d6fae6ae9e	alta
g1_sanjuan_a	SAN JUAN	9a059730-74f7-4813-b1a2-c9c86c218c60	Gobierno de San Juan	ENI Nro 54 Santa Rosa	VILLA SANTA ROSA	"DUP_SIGES 9097: conservar (nombre Siges 2026-09-05) y archivar 0bd1086f-e795-41a8-9768-e4507c50f329 ""ENI N.º 54 Santa Rosa"""	la nueva está vacía (pin en Córdoba, ver PIN_MANUAL) y la vieja tiene negociado 72,5 (ida 36 km; GI->Villa Santa Rosa recta 29 km, coherente)	TRASLADAR_KM 72.5 desde 0bd1086f-e795-41a8-9768-e4507c50f329 + ARCHIVAR 0bd1086f-e795-41a8-9768-e4507c50f329	alta
g1_sanjuan_a	SAN JUAN	6f652e17-c034-4046-ad03-81ddb905af15	Gobierno de San Juan	Colegio Sec. Parque Rivadavia Norte	RIVADAVIA	"DUP_SIGES 3712: conservar (nombre Siges 2026-09-05) y archivar 02e0e679-7e7a-4a5d-9369-5d889bd3dfd2 ""Parque Rivadavia Norte"""	ambas vacías; la conservada necesita el PIN_MANUAL propuesto arriba	ARCHIVAR 02e0e679-7e7a-4a5d-9369-5d889bd3dfd2	alta
g1_sanjuan_a	SAN JUAN	4c835402-3c84-41e6-99fe-bec0e91a5bc0	Gobierno de San Juan	EEE Jose de Cupertino	RIVADAVIA	"DUP_SIGES 5241: conservar (nombre Siges 2026-09-05) y archivar e5892384-e86d-4d42-831a-19094fa22394 ""Escuela Jose de Cupertino"""	la conservada tiene el pin en Mendoza (ver PIN_MANUAL + RECALCULAR_KM arriba); la archivada está vacía	ARCHIVAR e5892384-e86d-4d42-831a-19094fa22394	alta
g1_sanjuan_a	SAN JUAN	f3df3bf7-51ab-4196-a302-b2a8bebdbce5	Gobierno de San Juan	JINZ Nro 8 Pte. Mitre	LAS FLORES	"DUP_SIGES 9163: conservar (nombre Siges 2026-09-05) y archivar c3fb7454-1fbc-49cc-bc46-0bcc52b82bf1 ""JINZ N.º 8 Pte. Mitre"""	ambas vacías; la conservada (fila de g2) tiene pin -34.637 fuera de San Juan: necesita pin en Las Flores, Iglesia (centroide OSM -30.3225665,-69.2043522)	ARCHIVAR c3fb7454-1fbc-49cc-bc46-0bcc52b82bf1 + GESTION (pin de f3df3bf7)	media
g1_sanjuan_a	SAN JUAN	56ac7d4a-ba76-4c21-9dc6-42d9c60c3157	Gobierno de San Juan	JINZ Dra. Francisca Rios de Paez	POCITO	DUP_SIGES 14002: vieja c79c8e3e-b7a0-425a-89fb-e9e9f0e276e2 negociada 75,4 vs nueva medida 46,2; el pin nuevo (-31.709) está mal, la escuela real está en Carpintería (sur de Pocito)	search OSM: Escuela Doctora Francisca Ríos de Páez, Callejón Cantoni, Carpintería, Pocito -31.8585043,-68.5342064 (recta desde GI 35 km, coherente con el negociado 75,4)	PIN_MANUAL -31.8585043,-68.5342064 fuente=https://www.openstreetmap.org/way/701729113 + RECALCULAR_KM + ARCHIVAR c79c8e3e-b7a0-425a-89fb-e9e9f0e276e2	alta
g1_sanjuan_a	SAN JUAN	142411f7-489f-4521-aa07-d56ace447209	Gobierno de San Juan	Escuela Isla Vicecomodoro Gustavo Marambio	ANGACO	DUP_SIGES 3514: vieja 56a6137c-1e0c-4380-a338-2e2786f671a2 (EST ALBARDON) negociada 38,9 vs nueva (ANGACO) medida 54,6 con pin -31.456,-68.342; localidad y km no cierran entre sí	"sin consulta (tope); la vieja tenía 5 incidentes hasta 2026-07 con el nombre ""Escuela rural Isla Vicecomodoro Gustavo Marambio"""	TL	media
g1_sanjuan_a	SAN JUAN	8f13bc77-1c9c-4dac-8445-f6655fe5fa39	Gobierno de San Juan	JINZ Nro 31 P. Cayetano de Quiroga	USNO	DUP_SIGES 9140: vieja 389c7999-9926-4d1f-8b2b-67cb2195fc8b negociada 521 con spst=GSJ Valle Fértil; nueva medida 10,9 km desde sede VF (factura 0) y sin SPST asignado	mismo dilema que las negociadas de Valle Fértil (ver TL); si se conserva la nueva hay que decidir el SPST y el km	TL	alta
g1_sanjuan_a	SAN JUAN	a67b71af-bde7-4af0-a1b3-8f8225d6d6bb	Gobierno de San Juan	Escuela Presbitero Mariano Ianelli	JACHAL	"DUP_SIGES 3563 con 3 filas: conservar esta (Siges), archivar 4898410f ""Escuela Mariano Ianelli"" (vacía); ""Escuela ANTONIO QUARANTA"" f3ba7a0c (negociada 321) comparte siges_id y domicilio (Rawson 843) pero tiene incidente propio en 2026-08"	"cobertura: ""Escuela Antonio Quaranta"" 1 incidente 2026-08; ""Escuela Mariano Ianelli"" 2 hasta 2026-06; medida 158,6 ≈ negociado 321/2"	ARCHIVAR 4898410f-d59f-4a08-a4f8-0fd8cf4f85d + TL (Quaranta: ¿misma sucursal con otro nombre en AyC? si sí, conservar ambas)	media
g1_sanjuan_a	SAN JUAN	ccd2fee7-b822-4a5b-971c-79d5efc97220	Gobierno de San Juan	CENTRO DE FORMACION PROFESIONAL N.º 1  DE RAWSON	BARRIO OBRERO RAWSON	"cobertura: incidentes con ""CENTRO DE FORMACION PROFESIONAL N.º 1 DE RAWSON"" no matchean: la fila activa tiene doble espacio antes de ""DE"""	2 incidentes hasta 2026-06; motor compara lower(trim) exacto	"RENOMBRAR ccd2fee7-b822-4a5b-971c-79d5efc97220 a ""Gobierno de San Juan|CENTRO DE FORMACION PROFESIONAL N.º 1 DE RAWSON"""	alta
g1_sanjuan_a	SAN JUAN	2d29063f-7c1e-4dcc-bf53-e6f020ee7fd0	Gobierno de San Juan	JINZ N.º 15  Juan Larrea	SAN MARTIN	"cobertura: ""JINZ N.º 15 Juan Larrea"" no matchea: la fila activa tiene doble espacio antes de ""Juan"""	1 incidente 2026-06	"RENOMBRAR 2d29063f-7c1e-4dcc-bf53-e6f020ee7fd0 a ""Gobierno de San Juan|JINZ N.º 15 Juan Larrea"""	alta
g1_sanjuan_a	SAN JUAN		Gobierno de San Juan	ENI N.° 37 Dr. Washinton Chavez		"cobertura: sin fila activa; existe archivada 2a6e82d3 (JACHAL, negociada 323, siges 5253) con el nombre ""ENI N°37 ..."" (sin punto)"	2 incidentes, último 2026-08	"CREAR_FILA (o desarchivar 2a6e82d3 y renombrar a ""ENI N.° 37 Dr. Washinton Chavez""; km 323 negociado)"	media
g1_sanjuan_a	SAN JUAN		Gobierno de San Juan	Escuela  Dr. ALEJANDRO FLEMING		cobertura: sin fila activa; archivada 5bd0143f (JACHAL, negociada 349, siges 3643) con un solo espacio en el nombre	"3 incidentes, último 2026-08; el nombre del incidente lleva doble espacio tras ""Escuela"""	CREAR_FILA con el nombre exacto (doble espacio) o desarchivar 5bd0143f y renombrar; km 349 negociado	media
g1_sanjuan_a	SAN JUAN		Gobierno de San Juan	Escuela de Enologia		"cobertura: sin fila activa; archivada 1791181a ""ESCUELA DE ENOLOGÍA"" (SAN JUAN, 3,353 km, siges 11918); las activas ""Esc. de Fruticultura y Enologia"" (3509) e ""Instituto de Enologia"" (14332) son otros siges_id"	3 incidentes, último 2026-08	"CREAR_FILA (desarchivar 1791181a y renombrar a ""Escuela de Enologia"")"	media
g1_sanjuan_a	SAN JUAN		Gobierno de San Juan	Escuela Presbitero Medina Suarez		cobertura: sin fila activa; archivada 831233f7 (VALLE FERTIL, negociada 524, siges 12241)	1 incidente 2026-07; entra en el dilema Valle Fértil	CREAR_FILA (desarchivar 831233f7)	media
g1_sanjuan_a	SAN JUAN		Gobierno de San Juan	Escuela Tte. Cnel. Alvarez Condarco		"cobertura: sin fila activa; archivada dd4bf534 ""Escuela Tte Cnel Alvarez Condarco"" (CALINGASTA, negociada 423, siges 3587)"	1 incidente 2026-05	CREAR_FILA (desarchivar dd4bf534 y renombrar con puntos)	media
g1_sanjuan_a	SAN JUAN		Gobierno de San Juan	JINZ N.º 13 Capitan J. Mallea		"cobertura: sin fila activa; archivada 588db19c ""JINZ N.º 13 Capitán J. Mallea"" (ANGACO NORTE, negociada 57, siges 9123); la activa ""Escuela Juan E. de Mallea"" es siges 4676"	2 incidentes 2026-07	CREAR_FILA (desarchivar 588db19c y renombrar sin tilde)	media
g1_sanjuan_a	SAN JUAN		Gobierno de San Juan	JINZ N.º 27 Batalla de Tucuman		"cobertura: sin fila activa; archivada fa23780d ""JINZ N.º 27 Batalla de Tucumán"" (POCITO, negociada 47,6, siges 9135); la activa ""Escuela Batalla de Tucuman"" d0661dab es siges 3715 (24,4/48,5)"	4 incidentes hasta 2026-07	CREAR_FILA (desarchivar fa23780d y renombrar sin tilde)	media
g1_sanjuan_a	SAN JUAN		Gobierno de San Juan	Escuela Agrotecnica G. A. Doblas		"cobertura: sin fila activa; dos archivadas con distinto siges_id: 4aa91409 ""Escuela Agrotécnica G. A. Doblas"" (CAUCETE, 71,4, siges 3615) y 2f714ccd ""Escuela Agrotecnica Gonzalo Doblas"" (25 DE MAYO, 33,5/66,6, siges 10879)"	1 incidente 2026-04	CREAR_FILA (TL: cuál siges_id/localidad)	baja
g1_sanjuan_a	SAN JUAN		Gobierno de San Juan	Escuela Rafael Arrieta (Anexo)		"cobertura: sin fila activa; archivadas c35b0812 ""Escuela Rafael Arrieta - Anexo"" (25 DE MAYO, 91,2, siges 9149), 04d9a6bd ""Escuela Anexo Rafael Arrieta"" (80,8, sin siges) y d1f8eb48 ""Escuela Rafael A. Arrieta"" (12225)"	1 incidente 2026-05	CREAR_FILA (desarchivar c35b0812 y renombrar; TL por el km 91,2 vs 80,8)	baja
g1_sanjuan_a	SAN JUAN		Gobierno de San Juan	JINZ N.º 35 Pcia. de Neuquen		"cobertura: sin fila activa ni archivada con ese nombre; la activa ""Escuela Pcia. de Neuquen"" fe2553de (SAN MARTIN, negociada 37,5, siges 3697) es probablemente el mismo edificio"	1 incidente 2026-06	TL (¿existe en Siges como sucursal aparte? si no, CREAR_FILA con 37,5)	baja
g1_sanjuan_a	SAN JUAN	bbc95e8b-3421-49dd-a52e-e22abd391c11	Gobierno de San Juan	ENI Nro 35 Estrella de los Andes	SAN JUAN	"cobertura ""ENI N.º 35 Estrella de los Andes"" (2 inc. hasta 2026-04): Siges la renombró a ""ENI Nro 35 ..."" (fila activa 2,184 km); solo quedan sin match los incidentes viejos"	patrón general N.º -> Nro en el sync 2026-09-05	OK	media
g1_sanjuan_a	SAN JUAN	eecace83-4e03-42b4-8fdf-52d95f4478de	Gobierno de San Juan	JINZ Nro 6 Yapeyu	IGLESIA	"cobertura ""Escuela Yapeyu"" (3 inc. hasta 2026-04): mismo siges 3520 que la activa ""JINZ Nro 6 Yapeyu"" (289 km); la archivada 9e837aab ""Escuela Yapeyú"" tenía negociado 340"	renombrada en Siges; fila de g2	OK	media
g1_sanjuan_a	SAN JUAN	d59868bc-06fe-41ea-b119-9f8f572d457c	Gobierno de San Juan	Escuela Julio Verne	SAN MARTIN	"cobertura ""JINZ N.º 35 Julio Verne"" (1 inc. 2026-06): mismo siges 3738 que la activa ""Escuela Julio Verne"""	renombrada en Siges	OK	media
g2_sanjuan_b	SAN JUAN	bd165f70-a74a-4528-87dd-94d042aa59d6	Gobierno de San Juan	Escuela MANUEL ALBERTI	IGLESIA	pin en Villa Basilio Nievas (Zonda), 136 km de Iglesia; factura 44 km	"reverse -31.5600,-68.7312 = Villa Basilio Nievas, Zonda; search ""Escuela Manuel Alberti, Iglesia"" = Maturano, Iglesia -30.3908806,-69.2104329; route SJ->escuela 168.6 km (hoy 22.1)"	PIN_MANUAL -30.3908806,-69.2104329 fuente=https://www.openstreetmap.org/way/687713433	alta
g2_sanjuan_b	SAN JUAN	bd165f70-a74a-4528-87dd-94d042aa59d6	Gobierno de San Juan	Escuela MANUEL ALBERTI	IGLESIA	km medido con pin errado (22 km vs 168.6 reales)	route Gestion Integral -> -30.3908806,-69.2104329 = 168.6 km ida	RECALCULAR_KM	alta
g2_sanjuan_b	SAN JUAN	eecace83-4e03-42b4-8fdf-52d95f4478de	Gobierno de San Juan	JINZ Nro 6 Yapeyu	IGLESIA	pin en Uspallata (Mendoza), 236 km de Iglesia; factura 576 km	"pin -32.5284,-69.3498 = RN149 Uspallata; search ""Escuela Yapeyú, Iglesia"" = RN149 Iglesia -30.4144083,-69.2225305; route SJ->escuela 169.4 km (hoy 289.1)"	PIN_MANUAL -30.4144083,-69.2225305 fuente=https://www.openstreetmap.org/way/687481268	alta
g2_sanjuan_b	SAN JUAN	eecace83-4e03-42b4-8fdf-52d95f4478de	Gobierno de San Juan	JINZ Nro 6 Yapeyu	IGLESIA	km medido con pin errado (289 km vs 169.4 reales)	route Gestion Integral -> -30.4144083,-69.2225305 = 169.4 km ida	RECALCULAR_KM	alta
g2_sanjuan_b	SAN JUAN	ff7c9fd4-c6d5-444c-ac20-3b0645d3f8c7	Gobierno de San Juan	JINZ N.º 12 Auton. Cdad. de Bailen	SAN MARTIN	pin en San Martín (Mendoza), 174 km de San Martín SJ; factura 424 km	pin -33.0934,-68.4686 = San Martín Mendoza; search = Escuela Autonomía Ciudad de Bailén, Guillermo Rawson, Dos Acequias, San Martín SJ -31.5347946,-68.3994623; route SJ 14.7 km (bajo umbral, hoy 212.1)	PIN_MANUAL -31.5347946,-68.3994623 fuente=https://www.openstreetmap.org/way/690541545	alta
g2_sanjuan_b	SAN JUAN	ff7c9fd4-c6d5-444c-ac20-3b0645d3f8c7	Gobierno de San Juan	JINZ N.º 12 Auton. Cdad. de Bailen	SAN MARTIN	km medido con pin errado (212 km vs 14.7 reales, queda bajo umbral)	route Gestion Integral -> -31.5347946,-68.3994623 = 14.7 km ida	RECALCULAR_KM	alta
g2_sanjuan_b	SAN JUAN	6ff41b75-f880-42e9-9f7c-0ac42101e124	Gobierno de San Juan	Escuela Juan E. Seru	SARMIENTO	pin en San Juan capital (1.7 km), escuela en Sarmiento a 62 km; factura 0	"search ""Escuela Juan Eugenio Serú"" = Salvador María del Carril, Colonia Fiscal, Sarmiento -31.9031879,-68.4741076; route SJ 47.3 km (hoy 1.7)"	PIN_MANUAL -31.9031879,-68.4741076 fuente=https://www.openstreetmap.org/way/699803025	alta
g2_sanjuan_b	SAN JUAN	6ff41b75-f880-42e9-9f7c-0ac42101e124	Gobierno de San Juan	Escuela Juan E. Seru	SARMIENTO	km medido con pin errado (1.7 km vs 47.3 reales)	route Gestion Integral -> -31.9031879,-68.4741076 = 47.3 km ida	RECALCULAR_KM	alta
g2_sanjuan_b	SAN JUAN	eb3b1ac7-bde9-41f9-ba1f-104c907b98a4	Gobierno de San Juan	Escuela Mary Mann	ANGACO NORTE	pin en el norte del dpto Angaco (-31.225,-68.048), escuela en Las Tapias; factura 173 km	"reverse pin = Angaco (relación dpto); search ""Escuela Mary Mann, Angaco"" = 21 de Febrero, Las Tapias -31.4052387,-68.4143135; route SJ 26.7 km (hoy 86.6)"	PIN_MANUAL -31.4052387,-68.4143135 fuente=https://www.openstreetmap.org/way/690369143	alta
g2_sanjuan_b	SAN JUAN	eb3b1ac7-bde9-41f9-ba1f-104c907b98a4	Gobierno de San Juan	Escuela Mary Mann	ANGACO NORTE	km medido con pin errado (86.6 km vs 26.7 reales)	route Gestion Integral -> -31.4052387,-68.4143135 = 26.7 km ida	RECALCULAR_KM	alta
g2_sanjuan_b	SAN JUAN	f9c497ca-f083-4cc9-aa69-e1c024fe3b75	Gobierno de San Juan	Escuela Sup. Tec. de Angaco	ANGACO NORTE	mismo pin errado que Mary Mann (-31.225,-68.048); Eva Perón y Alem es Villa del Salvador; factura 173 km	"search ""Alem, Villa del Salvador, Angaco"" = Leandro N. Alem -31.4574,-68.4075 (way/154716081) cruza Eva Perón (way/637218812); no hay nodo escuela en OSM; route SJ->esquina 20.5 km (hoy 86.6)"	PIN_MANUAL -31.4574,-68.4075 fuente=https://www.openstreetmap.org/way/154716081	media
g2_sanjuan_b	SAN JUAN	f9c497ca-f083-4cc9-aa69-e1c024fe3b75	Gobierno de San Juan	Escuela Sup. Tec. de Angaco	ANGACO NORTE	km medido con pin errado (86.6 km vs ~20.5 reales)	route Gestion Integral -> -31.4574,-68.4075 = 20.5 km ida	RECALCULAR_KM	media
g2_sanjuan_b	SAN JUAN	0d94048d-eebe-4360-a6d3-bb42b0777265	Gobierno de San Juan	Escuela Monseñor Tomas S. Cruz	JACHAL	pin = centroide dpto Jáchal (-30.3135,-68.3339) medido desde sede Valle Fértil, 213 km x2.36	search = Escuela Monseñor Tomás Segundo Cruz, Cruz de Piedra, Volcán, Jáchal -30.3256703,-68.6972922; route Gestion Integral 151.1 km (hoy 213.3)	PIN_MANUAL -30.3256703,-68.6972922 fuente=https://www.openstreetmap.org/way/689050106	alta
g2_sanjuan_b	SAN JUAN	0d94048d-eebe-4360-a6d3-bb42b0777265	Gobierno de San Juan	Escuela Monseñor Tomas S. Cruz	JACHAL	km medido desde Valle Fértil a pin centroide (213 vs 151 reales)	route Gestion Integral -> escuela 151.1 km; VF->Jáchal centro 200.5 km; SJ->Jáchal centro 158.4 km	RECALCULAR_KM	alta
g2_sanjuan_b	SAN JUAN	30581b6a-2b7c-472b-b4d8-96813210e92d	Gobierno de San Juan	Escuela Presbitero P. Lopez del Campo	JACHAL	pin = centroide dpto Jáchal, 213 km x2.36	search = Escuela Presbítero Patricio López del Campo, Otra Banda, Jáchal -30.2282893,-68.6879758; route SJ 163.2 km (hoy 213.3)	PIN_MANUAL -30.2282893,-68.6879758 fuente=https://www.openstreetmap.org/node/6702217264	alta
g2_sanjuan_b	SAN JUAN	30581b6a-2b7c-472b-b4d8-96813210e92d	Gobierno de San Juan	Escuela Presbitero P. Lopez del Campo	JACHAL	km medido desde Valle Fértil a pin centroide (213 vs 163 reales)	route Gestion Integral -> -30.2282893,-68.6879758 = 163.2 km ida	RECALCULAR_KM	alta
g2_sanjuan_b	SAN JUAN	c1e7c283-a1a7-4b53-bd4f-34544e7f2ec0	Gobierno de San Juan	Escuela rural Dr. Calcagno	JACHAL	pin = centroide dpto Jáchal, 213 km x2.36; escuela está en Huaco	search = Escuela Doctor Alfredo Calcagno, Paso de los Andes, Alto Huaco -30.1387692,-68.5110814; route SJ 188.3 km (hoy 213.3)	PIN_MANUAL -30.1387692,-68.5110814 fuente=https://www.openstreetmap.org/way/688801868	alta
g2_sanjuan_b	SAN JUAN	c1e7c283-a1a7-4b53-bd4f-34544e7f2ec0	Gobierno de San Juan	Escuela rural Dr. Calcagno	JACHAL	km medido desde Valle Fértil a pin centroide (213 vs 188 reales)	route Gestion Integral -> -30.1387692,-68.5110814 = 188.3 km ida	RECALCULAR_KM	alta
g2_sanjuan_b	SAN JUAN	0e45b6c6-1b4a-475f-aefb-6d75cd6b4044	Gobierno de San Juan	JINZ N.º 16 Jose Marmol	JACHAL	pin = centroide dpto Jáchal, 213 km x2.36	search = Escuela José Mármol, RP491, La Falda, Pampa Vieja -30.1897151,-68.6604049; route SJ 169.5 km (hoy 213.3)	PIN_MANUAL -30.1897151,-68.6604049 fuente=https://www.openstreetmap.org/way/689027437	alta
g2_sanjuan_b	SAN JUAN	0e45b6c6-1b4a-475f-aefb-6d75cd6b4044	Gobierno de San Juan	JINZ N.º 16 Jose Marmol	JACHAL	km medido desde Valle Fértil a pin centroide (213 vs 169.5 reales)	route Gestion Integral -> -30.1897151,-68.6604049 = 169.5 km ida	RECALCULAR_KM	alta
g2_sanjuan_b	SAN JUAN	cd2ac7ab-3fa3-48c6-b048-d024ff9cb17e	Gobierno de San Juan	JINZ N.º 19  Albergue J. V. Gonzalez	JACHAL	pin = centroide dpto Jáchal, 213 km x2.36; JINZ 19 tiene 3 sedes en OSM, ninguna en esa calle	"search ""Patricio López del Campo, Jáchal"" = calle en Otra Banda/Pampa Vieja (way/688091873 -30.2295,-68.6786); JINZ 19 en OSM: Gran China -30.1217,-68.7210 / Villa Mercedes -30.1010,-68.7181 / Bella Vista -30.2095,-68.7465; el albergue probablemente comparte sede con Esc. Presb. López del Campo (-30.2282893,-68.6879758, misma calle); route SJ 163.2 km"	PIN_MANUAL -30.2282893,-68.6879758 fuente=https://www.openstreetmap.org/way/688091873	media
g2_sanjuan_b	SAN JUAN	cd2ac7ab-3fa3-48c6-b048-d024ff9cb17e	Gobierno de San Juan	JINZ N.º 19  Albergue J. V. Gonzalez	JACHAL	km medido desde Valle Fértil a pin centroide (213 vs ~163 reales)	route Gestion Integral -> -30.2282893,-68.6879758 = 163.2 km ida	RECALCULAR_KM	media
g2_sanjuan_b	SAN JUAN	93a58fde-1280-4631-893f-649910078bd6	Gobierno de San Juan	Escuelas Primaria Alas Argentinas	BARRIO OBRERO RAWSON	pin = centroide dpto Rawson (-31.6667,-68.4532), 19.5 km; escuela en Villa Krause a 4.6 km	reverse pin = Rawson (relación dpto); search = Escuela Alas Argentinas, Fermín Rodríguez, Villa Krause -31.5717330,-68.5340859; route SJ 4.6 km (bajo umbral, hoy factura 38.6)	PIN_MANUAL -31.5717330,-68.5340859 fuente=https://www.openstreetmap.org/node/13762355876	alta
g2_sanjuan_b	SAN JUAN	93a58fde-1280-4631-893f-649910078bd6	Gobierno de San Juan	Escuelas Primaria Alas Argentinas	BARRIO OBRERO RAWSON	km medido con pin centroide (19.5 vs 4.6 reales)	route Gestion Integral -> -31.5717330,-68.5340859 = 4.6 km ida	RECALCULAR_KM	alta
g2_sanjuan_b	SAN JUAN	9e059c31-6a2c-47da-b6f2-7545ebe8e4b0	Gobierno de San Juan	Escuela Prim. Barrio Valle Grande	BARRIO OBRERO RAWSON	pin = centroide dpto Rawson, 19.5 km; Barrio Valle Grande está a 10 km	"search ""Barrio Valle Grande, Rawson"" = relación -31.5658225,-68.5988091; route SJ 10.4 km (bajo umbral, hoy 38.6); sin nodo de escuela"	PIN_MANUAL -31.5658225,-68.5988091 fuente=https://www.openstreetmap.org/relation/17639365	media
g2_sanjuan_b	SAN JUAN	9e059c31-6a2c-47da-b6f2-7545ebe8e4b0	Gobierno de San Juan	Escuela Prim. Barrio Valle Grande	BARRIO OBRERO RAWSON	km medido con pin centroide (19.5 vs ~10 reales)	route Gestion Integral -> -31.5658225,-68.5988091 = 10.4 km ida	RECALCULAR_KM	media
g2_sanjuan_b	SAN JUAN	b2a1ac22-7316-49b3-beff-e9c7ef79765d	Gobierno de San Juan	Escuela Pcia. del Chaco	BARRIO OBRERO RAWSON	"pin = centroide dpto Rawson (-31.6667,-68.4532), 19.5 km; ""General Acha y Calle 5"" no ubicable"	"search ""General Acha y Calle 5, Rawson"" y ""Escuela Provincia del Chaco, Rawson/San Juan"" sin resultado; General Acha corre por el sur de Rawson hacia Pocito (Colonia Rodas -31.625); el pin actual es el centroide del departamento"	GESTION	baja
g2_sanjuan_b	SAN JUAN	e052a9a5-4e84-4068-b9d3-d81ba4c5d10f	Gobierno de San Juan	JINZ N.º 51 - PROVINCIA DEL CHACO	BARRIO OBRERO RAWSON	mismo pin centroide dpto Rawson que Esc. Pcia. del Chaco (misma dirección), 19.5 km	"search ""JINZ 51, Rawson"" sin resultado; ver b2a1ac22"	GESTION	baja
g2_sanjuan_b	SAN JUAN	8d847873-997c-443f-9f8b-08b58bf26cba	Gobierno de San Juan	Escuela Justo J. de Urquiza	POCITO	pin = La Rinconada (Pocito, -31.7094,-68.5724) 23 km; escuela en Colonia Rodas a 11 km	reverse pin = La Rinconada; search = Escuela Justo José de Urquiza, General Acha, Colonia Rodas -31.6248229,-68.5291213; route SJ 11.4 km (bajo umbral, hoy factura 46.2)	PIN_MANUAL -31.6248229,-68.5291213 fuente=https://www.openstreetmap.org/way/674360687	alta
g2_sanjuan_b	SAN JUAN	8d847873-997c-443f-9f8b-08b58bf26cba	Gobierno de San Juan	Escuela Justo J. de Urquiza	POCITO	km medido con pin centroide (23.2 vs 11.4 reales)	route Gestion Integral -> -31.6248229,-68.5291213 = 11.4 km ida	RECALCULAR_KM	alta
g2_sanjuan_b	SAN JUAN	bec4f067-7c13-483a-a8f6-3bc3976b0aa2	Gobierno de San Juan	Escuela Sec. Jose Rudecindo Rojo	POCITO	comparte pin La Rinconada con Urquiza y Ríos de Páez	"search ""Joaquín Uñac y Calle 14, Pocito"" = La Rinconada -31.6931717,-68.5737326, a 1.8 km del pin; km 23.2 coherente"	OK	alta
g2_sanjuan_b	SAN JUAN	56ac7d4a-ba76-4c21-9dc6-42d9c60c3157	Gobierno de San Juan	JINZ Dra. Francisca Rios de Paez	POCITO	"pin = La Rinconada 23 km; ""Ruta 40 y Cantoni"" no ubicable (Hospital Cantoni está en Villa Aberastain, ~13 km)"	"search ""Escuela Francisca Ríos de Páez, Pocito"" sin resultado; ""Cantoni, Pocito"" = Hospital Dr. Federico Cantoni, Villa Aberastain -31.6545,-68.5630 y Callejón Cantoni, Carpintería -31.8594,-68.5370"	GESTION	baja
g2_sanjuan_b	SAN JUAN	4bad1351-c05f-4499-a3b1-b2dd69aa52eb	Gobierno de San Juan	JINZ Nro 55 Jose Maria de los Rios	CAUCETE	pin en San Juan capital (-31.5336,-68.5134, 2.6 km), escuela en Caucete a 25 km; factura 0 (dup: lo resuelve g1)	search = Escuela José María de los Ríos, Patricias Sanjuaninas, Caucete -31.6406485,-68.2366589; route SJ 33.7 km -> ida+vuelta 67.4, coincide con negociada 68.9 de 4ee3b854	PIN_MANUAL -31.6406485,-68.2366589 fuente=https://www.openstreetmap.org/way/692682163	alta
g2_sanjuan_b	SAN JUAN	a55903ac-2d47-4941-8086-a04fe0d5a35e	Gobierno de San Juan	Escuela rural Pedro Valenzuela	25 DE MAYO	pin cae en Villa Independencia (Caucete), localidad declarada 25 de Mayo; calle Enfermera Medina está 9 km al sur	"reverse -31.6412,-68.3001 = Barrio Justo P. Castro IV, Villa Independencia, Caucete; search ""Enfermera Medina, 25 de Mayo"" = Villa Santa Rosa way/694200107 -31.7172,-68.3183; km 27.1 hoy, esperable ~35"	GESTION	media
g2_sanjuan_b	SAN JUAN	0d82914d-0921-44e1-9139-8e00547c5a0f	Gobierno de San Juan	JINZ N.º 25 Luis Pasteur	CALINGASTA	ratio 2.12 (130.6 km vs 61.6 recta)	reverse -31.2841,-69.1038 = Pachaco, RN149 (coherente con domicilio Ruta 149); route SJ 130.6 km confirma: ruta de montaña por Talacasto/RN149	OK	alta
g2_sanjuan_b	SAN JUAN	a3723c92-db85-4669-aafc-baa92854bff9	Gobierno de San Juan	Escuela Multiple Calingasta	CALINGASTA	KM_CON_PIN_SOSPECHOSO: el geocode (-31.5501,-68.5659, capital) es el malo, no el pin	pin -31.3339,-69.4209 = centro de Calingasta (d=0.1); route SJ->Calingasta 173.3 km = km cargado 173.3	OK	alta
g2_sanjuan_b	SAN JUAN	881e7172-fa4f-452e-b701-36f0a61e5e77	Gobierno de San Juan	Escuela R. Escalada de San Martin	CALINGASTA	KM_CON_PIN_SOSPECHOSO: el geocode (-31.6225,-69.8597, Barreal) es el malo, no el pin	pin = centro de Calingasta; route SJ->Calingasta 173.3 km = km cargado; Barreal medido aparte (44409509: route SJ->Barreal 244.8 = cargado)	OK	alta
g2_sanjuan_b	SAN JUAN	1cc35251-b566-496e-a7b6-6e027a95478f	Gobierno de San Juan	Escuela Secundaria Procesa Sarmiento de Lenoir	9 DE JULIO	KM_CON_PIN_SOSPECHOSO: geocode a 203 km (San Luis); pin en RN20 km 16 coherente	pin -31.5983,-68.3980 sobre RN20 en 9 de Julio, d=7.7 km del centroide, ratio 1.08; sin consulta	OK	media
g2_sanjuan_b	SAN JUAN	1db2a611-38c6-4cda-85b8-b42678763a4f	Gobierno de San Juan	Escuela Juan Jose Larrea	SARMIENTO	"KM_CON_PIN_SOSPECHOSO: geocode en capital; pin en RN40 sur de Sarmiento coherente con ""RN40 km 99"""	pin -32.1026,-68.4608 en Sarmiento, ratio 1.08, d=18.7; sin consulta	OK	media
g2_sanjuan_b	SAN JUAN	3179fc95-96a6-4aaf-b181-ee271bf14b82	Gobierno de San Juan	Escuela Lorenzo Luzuriaga	JACHAL	dist 43.7 km del centroide Jáchal: la escuela está en Mogna (sureste del dpto)	pin -30.6950,-68.3596 coincide con Mogna; km 122.7 medido desde Gestion Integral (no desde VF), ratio normal; sin consulta	OK	media
g2_sanjuan_b	SAN JUAN	a33fc931-ce60-4c87-af6a-07df14668a7e	Gobierno de San Juan	JINZ N.º 3 Pcia. de Chubut	JACHAL	dist 30.4 km del centroide: San Isidro está al norte de Jáchal	pin -30.1437,-68.7012 zona San Isidro; km 169.3 medido desde SJ coincide con negociada 345 de Esc. Pcia. de Chubut (35be5e4a, misma dirección)	OK	media
g2_sanjuan_b	SAN JUAN	c940cc4e-9a62-481f-9e42-d73dc9ab7520	Gobierno de San Juan	JINZ Nro 58 Sede Comandante Espora	25 DE MAYO	dist 54 km del centroide 25 de Mayo: centroide es del departamento	pin -31.7649,-68.3438 en Villa Santa Rosa/25 de Mayo, ratio 1.34; sin consulta	OK	media
g2_sanjuan_b	SAN JUAN	4ee3b854-9b4f-4215-b7b7-2313c045939c	Gobierno de San Juan	Escuela Jose Maria de los Rios	CAUCETE	NEGOCIADO menor que recta base->centroide: falso positivo, el centroide de Caucete es el departamental (84 km)	route SJ->Escuela José María de los Ríos (-31.6406,-68.2367) 33.7 km -> 67.4 ida+vuelta vs negociada 68.9	OK	alta
g2_sanjuan_b	SAN JUAN	fe2553de-36e9-4fa6-b832-d44a6e0b2fa3	Gobierno de San Juan	Escuela Pcia. de Neuquen	SAN MARTIN	negociada 37.5 vs centroide San Martín: coherente	search = Escuela Provincia de Neuquén, Nacional Eva Perón, Dos Acequias -31.4871798,-68.4147899; route SJ 17.8 km -> 35.6 ida+vuelta	OK	alta
g2_sanjuan_b	SAN JUAN	4d03a2fe-cebb-4bee-bf94-f04c578e4bc8	Gobierno de San Juan	Escuela Manuel Belgrano	SAN JUAN	negociada 61.5 km para una escuela a ~2.5 km de la base (capital)	"search ""Escuela Manuel Belgrano, San Juan"" = Lateral de Circunvalación NO, Concepción, Capital -31.5197694,-68.5335333 (node/6704923503), coincide con domicilio ""SM del Carril y Circunvalación""; pin de Gestión -31.5296,-68.5303 también en capital; 61.5 supera 20x la línea recta"	TL	alta
g2_sanjuan_b	SAN JUAN	d57dbdfc-72b8-4e67-8305-5f9040b09b41	Gobierno de San Juan	Escuela Presbitero C. de Quiroga	SAN AGUSTIN DEL VALLE FERTIL	negociada 521 km en San Agustín del Valle Fértil, a 0.1 km de la sede GSJ Valle Fértil	filas medidas del mismo pueblo (7fc44ea3, 27e875fc) dan 0.34 km / factura 0; 521 = ida+vuelta desde capital (~250 km); mismo caso 73b321b8 (514), 389c7999 (521), 80b80fc4 (499)	TL	alta
g2_sanjuan_b	SAN JUAN	73b321b8-2331-4010-b6ca-6c6d33c108ae	Gobierno de San Juan	Escuela Sargento Cabral	SAN AGUSTIN DEL VALLE FERTIL	negociada 514 km en San Agustín del Valle Fértil, sede GSJ Valle Fértil a 0.1 km	ver d57dbdfc	TL	alta
g2_sanjuan_b	SAN JUAN	389c7999-9926-4d1f-8b2b-67cb2195fc8b	Gobierno de San Juan	JINZ N.º 31 P. Cayetano de Quiroga	SAN AGUSTIN DEL VALLE FERTIL	negociada 521 km en San Agustín del Valle Fértil, sede GSJ Valle Fértil a 0.1 km	ver d57dbdfc	TL	alta
g2_sanjuan_b	SAN JUAN	80b80fc4-01a3-43c9-b787-d5021d720be6	Gobierno de San Juan	Unidad De Gestion Valle Fertil	SAN AGUSTIN DEL VALLE FERTIL	negociada 499 km en San Agustín del Valle Fértil, sede GSJ Valle Fértil a 0.1 km	ver d57dbdfc	TL	alta
g2_sanjuan_b	SAN JUAN	d59868bc-06fe-41ea-b119-9f8f572d457c	Gobierno de San Juan	Escuela Julio Verne	SAN MARTIN	pin en San Martín de las Escobas (Santa Fe), 628 km; sin km	search = Escuela Julio Verne, Av. Sarmiento, Villa Lugano, San Martín SJ -31.5194724,-68.3785472; route SJ 17.0 km	PIN_MANUAL -31.5194724,-68.3785472 fuente=https://www.openstreetmap.org/way/691748082	alta
g2_sanjuan_b	SAN JUAN	f1e12f04-e362-4847-b358-b47ad3cb63b6	Gobierno de San Juan	Escuela Maria Elena Vidart de Maurin	SAN AGUSTIN DEL VALLE FERTIL	pin = centroide de Argentina (-38.416,-63.617), 934 km; sin km	search = Escuela María Elena Vidart de Maurín, RP510, Agua Cercada, Valle Fértil -30.8037532,-67.3665868; route sede VF 21.7 km	PIN_MANUAL -30.8037532,-67.3665868 fuente=https://www.openstreetmap.org/way/689572158	alta
g2_sanjuan_b	SAN JUAN	d3199b99-b90a-4bd4-a0a9-2251b1325548	Gobierno de San Juan	Escuela Monotecnica N.º 14	BARRIO OBRERO RAWSON	pin en Rawson (Chubut), 1338 km; sin km	search = Misión Monotécnica y Extensión Cultural 14, Florida, El Medanito, Rawson SJ -31.5776395,-68.4811878 (~6 km de la base)	PIN_MANUAL -31.5776395,-68.4811878 fuente=https://www.openstreetmap.org/node/6702072519	alta
g2_sanjuan_b	SAN JUAN	4f86d4d2-2cb2-4f86-9fc7-b7e252d252a1	Gobierno de San Juan	Escuela Patricias Mendocinas	BARRIO OBRERO RAWSON	pin en Rawson (Chubut), 1338 km; sin km	search = Escuela Patricias Mendocinas, Florida, El Medanito, Rawson SJ -31.5772646,-68.4814900 (~6 km de la base)	PIN_MANUAL -31.5772646,-68.4814900 fuente=https://www.openstreetmap.org/way/712195301	alta
g2_sanjuan_b	SAN JUAN	7770af74-cba1-4ed6-9939-2b459a1abd24	Gobierno de San Juan	Escuela Paulo VI	SARMIENTO	pin en Entre Ríos (-32.49,-58.25), 979 km; sin km	search = Escuela Paulo VI, Carmona, Sarmiento -31.9133555,-68.3722504; route SJ 57.5 km	PIN_MANUAL -31.9133555,-68.3722504 fuente=https://www.openstreetmap.org/way/700035554	alta
g2_sanjuan_b	SAN JUAN	d94d7cea-a99e-4ed4-b71c-fd1c036b06ab	Gobierno de San Juan	Escuela Pcia. de Catamarca	RIVADAVIA	pin en CABA (-34.59,-58.39), 1009 km; sin km	search = Escuela Provincia de Catamarca, Riobamba 2710 (E), Comuna Sur, Rivadavia -31.5472274,-68.5549991 (~3 km de la base)	PIN_MANUAL -31.5472274,-68.5549991 fuente=https://www.openstreetmap.org/node/11031709244	alta
g2_sanjuan_b	SAN JUAN	40a03422-3ed1-4335-ad37-4556d826c832	Gobierno de San Juan	Escuela Pcia. de Corrientes	SANTA LUCIA	pin en Santa Lucía (Tucumán), 570 km; sin km	search = Escuela Provincia de Corrientes, Av. Libertador 3411 (E), Pajas Blancas, Santa Lucía -31.5343382,-68.4811790 (~5 km de la base)	PIN_MANUAL -31.5343382,-68.4811790 fuente=https://www.openstreetmap.org/way/704736250	alta
g2_sanjuan_b	SAN JUAN	b44f89d4-b20f-4fc0-b407-14c45bbbb8e4	Gobierno de San Juan	JINZ N.º 39 Pcia. de Corrientes	SANTA LUCIA	pin en Santa Lucía (Tucumán), 570 km; sin km	"search ""Av. San Martín 3411, Santa Lucía"" = JINZ 39 -31.5339084,-68.4813423 (mismo predio que Esc. Pcia. de Corrientes)"	PIN_MANUAL -31.5339084,-68.4813423 fuente=https://www.openstreetmap.org/node/6634718954	alta
g2_sanjuan_b	SAN JUAN	88c8ee80-e76c-4d02-85e1-492caa5e1916	Gobierno de San Juan	Escuela Periodista Luis J. Bates	SARMIENTO	pin en Santiago del Estero (-27.79,-64.26), 638 km; sin km	search = Escuela Periodista Luis Jorge Bates, Manuel Belgrano 418, Villa Media Agua -31.9822156,-68.4265335; route SJ 55.6 km	PIN_MANUAL -31.9822156,-68.4265335 fuente=https://www.openstreetmap.org/node/6704526135	alta
g2_sanjuan_b	SAN JUAN	60d2feeb-6e79-4f27-b23f-f86bc647199a	Gobierno de San Juan	Escuela Prov. Tec. N.º 8 Santa Lucia	SANTA LUCIA	pin en Santa Lucía (Buenos Aires), 844 km; sin km	"search ""Av. San Martín 3411, Santa Lucía"" = Escuela EPET Nº 8 -31.5338375,-68.4810392 (~5 km de la base)"	PIN_MANUAL -31.5338375,-68.4810392 fuente=https://www.openstreetmap.org/node/6634718953	alta
g2_sanjuan_b	SAN JUAN	5f3afb17-68a7-4768-b4fd-9bf2e3e030ac	Gobierno de San Juan	Escuela Pte. Mitre	IGLESIA	pin en CABA (-34.64,-58.46), 1112 km; sin km	search = Escuela Presidente Mitre, Doña Silvestre, El Llano, Las Flores, Iglesia -30.3084990,-69.2199034; route SJ 181.2 km	PIN_MANUAL -30.3084990,-69.2199034 fuente=https://www.openstreetmap.org/way/686772510	alta
g2_sanjuan_b	SAN JUAN	f3df3bf7-51ab-4196-a302-b2a8bebdbce5	Gobierno de San Juan	JINZ Nro 8 Pte. Mitre	LAS FLORES	pin en CABA, 1006 km; sin km (dup 9163: lo resuelve g1)	search = JINZ 8, Doña Silvestre, El Llano, Las Flores -30.3086775,-69.2199304 (mismo predio que Esc. Pte. Mitre); route SJ 181.2 km	PIN_MANUAL -30.3086775,-69.2199304 fuente=https://www.openstreetmap.org/node/6437646808	alta
g2_sanjuan_b	SAN JUAN	1339490c-b899-42b0-b20c-aa274900211a	Gobierno de San Juan	Escuela RAMON BARRERA	25 DE MAYO	pin = centroide de Argentina, 808 km; sin km	search = Escuela Ramón Barrera, Calle 2, Cuatro Esquinas, 25 de Mayo -31.7243375,-68.3158032; route SJ 37.8 km	PIN_MANUAL -31.7243375,-68.3158032 fuente=https://www.openstreetmap.org/way/693842091	alta
g2_sanjuan_b	SAN JUAN	4a5457bf-9847-417b-9d7d-cea6d1681517	Gobierno de San Juan	Escuela Sec. Oscar Otiñano	25 DE MAYO	pin = centroide de Argentina, 808 km; sin km	search = CENS Oscar Humberto Otiñano, 25 de Mayo y Mitre, Villa Santa Rosa -31.7471292,-68.3144311; route SJ 39.7 km	PIN_MANUAL -31.7471292,-68.3144311 fuente=https://www.openstreetmap.org/node/6512468518	alta
g2_sanjuan_b	SAN JUAN	d13f4eb2-1f5a-4b87-b7f5-6e6595c8d3c3	Gobierno de San Juan	Escuela Roque S. Peña	RIVADAVIA	pin en Buenos Aires (-34.55,-58.59), 990 km; sin km	search = Escuela Roque Sáenz Peña, Av. Libertador 7437 (O), Marquesado, Rivadavia -31.5258679,-68.6317618; route SJ 11.0 km	PIN_MANUAL -31.5258679,-68.6317618 fuente=https://www.openstreetmap.org/way/358718639	alta
g2_sanjuan_b	SAN JUAN	1c044c31-b463-4b60-9d85-a9c8bc89b609	Gobierno de San Juan	Escuela Sup. de Sarmiento (Anexo)	SARMIENTO	pin = centroide de Argentina, 840 km; sin km; RP319 no existe en OSM	"search ""Escuela Superior de Sarmiento"" y ""Ruta Provincial 319, Sarmiento"" sin resultado (OSM devuelve RP246/RP320)"	GESTION	baja
g2_sanjuan_b	SAN JUAN	518d4a40-4183-47b2-bd3a-9eb0a0efde31	Gobierno de San Juan	Escuela Tec. Augusto B. Sarmiento	SARMIENTO	pin = centroide de Argentina, 840 km; sin km	"search ""Escuela Técnica Augusto Bernardino Sarmiento"" y ""9 de Julio y Uruguay, Media Agua"" sin resultado; misma dirección que Esc. Victorina Lenoir de Navarro (825db9e5, negociada 110 -> Media Agua ~55 km ida)"	GESTION	media
g3_pentacom	PENTACOM	530d35d3-5366-4e80-a493-1b1dc253759c	Banco Credicoop	250 - Marcos Juarez	MARCOS JUAREZ	"km cargado (ida 273) no coincide con ruta real desde su sede más cercana (Villa María); coincide en cambio con ruta desde Córdoba capital (medido antes de la regla ""sede más cercana"")"	route Villa María -32.41284 -63.26078 -32.6960928 -62.101601 -> 121.6 km real vs 273.5 km cargado (dif 56%); ratio original x2.4	RECALCULAR_KM	alta
g3_pentacom	PENTACOM	5febb6ea-7860-41f6-9616-a5a9bb3ae649	Efectivo Si	EFECTIVO SI - Rio Cuarto	RIO CUARTO	"km cargado (ida 232) no coincide con ruta real desde su sede más cercana (Rio IV); coincide en cambio con ruta desde Córdoba capital (medido antes de la regla ""sede más cercana"")"	route Rio IV -33.11946 -64.36910 -33.1253712 -64.3482161 -> 2.8 km real vs 231.9 km cargado (dif 99%); ratio original x110.4	RECALCULAR_KM	alta
g3_pentacom	PENTACOM	aabc4539-d05e-420c-984c-0774399f5139	Galeno	Sucursal Rio Cuarto	RIO CUARTO	"km cargado (ida 231) no coincide con ruta real desde su sede más cercana (Rio IV); coincide en cambio con ruta desde Córdoba capital (medido antes de la regla ""sede más cercana"")"	route Rio IV -33.11946 -64.36910 -33.1172992 -64.347043 -> 3.2 km real vs 230.8 km cargado (dif 99%); ratio original x109.9	RECALCULAR_KM	alta
g3_pentacom	PENTACOM	6fd9090c-f9b4-4029-93ec-1274ae1d0088	Integral Insumos	Apro Agro	SUNCHALES	"km cargado (ida 274) no coincide con ruta real desde su sede más cercana (Laboulaye); coincide en cambio con ruta desde Córdoba capital (medido antes de la regla ""sede más cercana"")"	route Laboulaye -34.12893 -63.39078 -33.4203339 -63.2935677 -> 89.9 km real vs 273.6 km cargado (dif 67%); ratio original x3.5	RECALCULAR_KM	alta
g3_pentacom	PENTACOM	a8414f4b-5d3e-4c6a-b66f-866390a8afeb	Meli Log S.R.L.	SVC Villa Maria (MLO)	VILLA MARIA	"km cargado (ida 155) no coincide con ruta real desde su sede más cercana (Villa María); coincide en cambio con ruta desde Córdoba capital (medido antes de la regla ""sede más cercana"")"	route Villa María -32.41284 -63.26078 -32.370322113504 -63.222966093254 -> 8.8 km real vs 155.3 km cargado (dif 94%); ratio original x26.3	RECALCULAR_KM	alta
g3_pentacom	PENTACOM	51fc4426-89dc-48b5-b734-14b5871000b3	Molino Cañuelas	Planta Laboulaye	LABOULAYE	"km cargado (ida 429) no coincide con ruta real desde su sede más cercana (Laboulaye); coincide en cambio con ruta desde Córdoba capital (medido antes de la regla ""sede más cercana"")"	route Laboulaye -34.12893 -63.39078 -34.1173213 -63.3715987 -> 3.2 km real vs 428.9 km cargado (dif 99%); ratio original x195.0	RECALCULAR_KM	alta
g3_pentacom	PENTACOM	bc328cc9-e6c0-47fc-8c78-5302bd823cfe	Molino Cañuelas	Planta Levalle	GENERAL LEVALLE	"km cargado (ida 377) no coincide con ruta real desde su sede más cercana (Laboulaye); coincide en cambio con ruta desde Córdoba capital (medido antes de la regla ""sede más cercana"")"	route Laboulaye -34.12893 -63.39078 -34.0102041 -63.919866 -> 56.0 km real vs 376.6 km cargado (dif 85%); ratio original x7.5	RECALCULAR_KM	alta
g3_pentacom	PENTACOM	bc099605-6d63-40ab-adca-139b7d29b1b2	Molino Cañuelas	Planta Río Cuarto	RIO CUARTO	"km cargado (ida 236) no coincide con ruta real desde su sede más cercana (Rio IV); coincide en cambio con ruta desde Córdoba capital (medido antes de la regla ""sede más cercana"")"	route Rio IV -33.11946 -64.36910 -33.1544151 -64.3400726 -> 7.0 km real vs 235.9 km cargado (dif 97%); ratio original x50.2	RECALCULAR_KM	alta
g3_pentacom	PENTACOM	245b9b2b-3479-4d74-8519-c748d032b04c	Molino Cañuelas	Suc. Acequias	LAS ACEQUIAS	"km cargado (ida 273) no coincide con ruta real desde su sede más cercana (Rio IV); coincide en cambio con ruta desde Córdoba capital (medido antes de la regla ""sede más cercana"")"	route Rio IV -33.11946 -64.36910 -33.2820333 -63.9754365 -> 51.8 km real vs 273.0 km cargado (dif 81%); ratio original x6.7	RECALCULAR_KM	alta
g3_pentacom	PENTACOM	5445c09b-69fd-4f25-9e4e-b644bc02fa62	Molino Cañuelas	Suc. Alejo Ledesma	ALEJO LEDESMA	"km cargado (ida 343) no coincide con ruta real desde su sede más cercana (Laboulaye); coincide en cambio con ruta desde Córdoba capital (medido antes de la regla ""sede más cercana"")"	route Laboulaye -34.12893 -63.39078 -33.6090244 -62.6261477 -> 139.7 km real vs 342.9 km cargado (dif 59%); ratio original x3.8	RECALCULAR_KM	alta
g3_pentacom	PENTACOM	13197ee5-0bcb-4775-a35c-f4e58c5f7da7	Molino Cañuelas	Suc. Canals	CANALS	"km cargado (ida 320) no coincide con ruta real desde su sede más cercana (Laboulaye); coincide en cambio con ruta desde Córdoba capital (medido antes de la regla ""sede más cercana"")"	route Laboulaye -34.12893 -63.39078 -33.5615274 -62.8856107 -> 109.2 km real vs 319.6 km cargado (dif 66%); ratio original x4.1	RECALCULAR_KM	alta
g3_pentacom	PENTACOM	f61c10b8-5f9a-47dc-800f-4dcee88503c4	Molino Cañuelas	Suc. Etruria	ETRURIA	"km cargado (ida 220) no coincide con ruta real desde su sede más cercana (Villa María); coincide en cambio con ruta desde Córdoba capital (medido antes de la regla ""sede más cercana"")"	route Villa María -32.41284 -63.26078 -32.9421815 -63.2481525 -> 60.1 km real vs 219.5 km cargado (dif 73%); ratio original x3.7	RECALCULAR_KM	alta
g3_pentacom	PENTACOM	9b20b4e9-6915-4132-b870-52d4f3d4912b	Molino Cañuelas	Suc. Huinca Renanco	HUINCA RENANCO	"km cargado (ida 429) no coincide con ruta real desde su sede más cercana (Laboulaye); coincide en cambio con ruta desde Córdoba capital (medido antes de la regla ""sede más cercana"")"	route Laboulaye -34.12893 -63.39078 -34.8397371 -64.3753894 -> 201.5 km real vs 429.1 km cargado (dif 53%); ratio original x3.6	RECALCULAR_KM	alta
g3_pentacom	PENTACOM	80e3d16b-f428-4843-9ea3-2d74a8856676	Molino Cañuelas	Suc. Inriville	INRIVILLE	"km cargado (ida 308) no coincide con ruta real desde su sede más cercana (Villa María); coincide en cambio con ruta desde Córdoba capital (medido antes de la regla ""sede más cercana"")"	route Villa María -32.41284 -63.26078 -32.9460195 -62.2207957 -> 155.8 km real vs 307.7 km cargado (dif 49%); ratio original x2.7	RECALCULAR_KM	alta
g3_pentacom	PENTACOM	b52fd094-218f-46a9-b1de-652cca145991	Molino Cañuelas	Suc. Isla Verde	ISLA VERDE	"km cargado (ida 320) no coincide con ruta real desde su sede más cercana (Villa María); coincide en cambio con ruta desde Córdoba capital (medido antes de la regla ""sede más cercana"")"	route Villa María -32.41284 -63.26078 -33.2367242 -62.4014922 -> 168.4 km real vs 320.3 km cargado (dif 47%); ratio original x2.6	RECALCULAR_KM	alta
g3_pentacom	PENTACOM	389f1d82-9f4e-498c-a185-672236426f4a	Molino Cañuelas	Suc. Jovita	JOVITA	"km cargado (ida 430) no coincide con ruta real desde su sede más cercana (Laboulaye); coincide en cambio con ruta desde Córdoba capital (medido antes de la regla ""sede más cercana"")"	route Laboulaye -34.12893 -63.39078 -34.5195442 -63.9447547 -> 109.1 km real vs 429.6 km cargado (dif 75%); ratio original x6.4	RECALCULAR_KM	alta
g3_pentacom	PENTACOM	2ca684d2-1139-4dd9-a321-8c94992f49d2	Molino Cañuelas	Suc. La Carlota - SUC CERRADA	LA CARLOTA	"km cargado (ida 271) no coincide con ruta real desde su sede más cercana (Laboulaye); coincide en cambio con ruta desde Córdoba capital (medido antes de la regla ""sede más cercana"")"	route Laboulaye -34.12893 -63.39078 -33.3954814 -63.2929569 -> 95.4 km real vs 271.3 km cargado (dif 65%); ratio original x3.3	RECALCULAR_KM	alta
g3_pentacom	PENTACOM	7a2e2574-f6d9-4416-b598-b3f3a64f2998	Molino Cañuelas	Suc. Moldes	CORONEL MOLDES	"km cargado (ida 306) no coincide con ruta real desde su sede más cercana (Rio IV); coincide en cambio con ruta desde Córdoba capital (medido antes de la regla ""sede más cercana"")"	route Rio IV -33.11946 -64.36910 -33.6191303 -64.595237 -> 75.7 km real vs 306.1 km cargado (dif 75%); ratio original x5.2	RECALCULAR_KM	alta
g3_pentacom	PENTACOM	585360e3-c6d9-420c-a154-b7dcf8e9cad7	Molino Cañuelas	Suc. Sacanta	SACANTA	"km cargado (ida 154) no coincide con ruta real desde su sede más cercana (Arroyito); coincide en cambio con ruta desde Córdoba capital (medido antes de la regla ""sede más cercana"")"	route Arroyito -31.42242 -63.05026 -31.6639934 -63.0472806 -> 28.4 km real vs 154.0 km cargado (dif 82%); ratio original x5.7	RECALCULAR_KM	alta
g3_pentacom	PENTACOM	2756bfd2-b3b1-4f96-8622-878efb898601	Molino Cañuelas	Suc. San Francisco	SAN FRANCISCO	"km cargado (ida 226) no coincide con ruta real desde su sede más cercana (San Francisco (Master’s Print)); coincide en cambio con ruta desde Córdoba capital (medido antes de la regla ""sede más cercana"")"	route San Francisco (Master’s Print) -31.43410 -62.09427 -31.44404129999999 -62.1151134 -> 3.7 km real vs 225.6 km cargado (dif 98%); ratio original x98.1	RECALCULAR_KM	alta
g3_pentacom	PENTACOM	ab9ec8bd-c934-468f-afbe-6b6dc5d22f01	Molino Cañuelas	Suc. Vicuña Mackenna	VICUÑA MACKENNA	"km cargado (ida 326) no coincide con ruta real desde su sede más cercana (Rio IV); coincide en cambio con ruta desde Córdoba capital (medido antes de la regla ""sede más cercana"")"	route Rio IV -33.11946 -64.36910 -33.9239997 -64.4016936 -> 95.7 km real vs 326.1 km cargado (dif 71%); ratio original x3.6	RECALCULAR_KM	alta
g3_pentacom	PENTACOM	09460309-f9b9-4604-8373-d0bdf7f21b39	Molino Cañuelas	Suc. Villa Valeria	VILLA VALERIA	"km cargado (ida 439) no coincide con ruta real desde su sede más cercana (Laboulaye); coincide en cambio con ruta desde Córdoba capital (medido antes de la regla ""sede más cercana"")"	route Laboulaye -34.12893 -63.39078 -34.3424751 -64.9163343 -> 211.4 km real vs 439.0 km cargado (dif 52%); ratio original x3.1	RECALCULAR_KM	alta
g3_pentacom	PENTACOM	f9840952-a116-4d05-abd6-8c6f9cb514c8	Nutrien	AGROCENTRO CORONEL BAIGORRIA	CORONEL BAIGORRIA	"km cargado (ida 199) no coincide con ruta real desde su sede más cercana (Rio IV); coincide en cambio con ruta desde Córdoba capital (medido antes de la regla ""sede más cercana"")"	route Rio IV -33.11946 -64.36910 -32.8497253 -64.3589863 -> 33.7 km real vs 198.9 km cargado (dif 83%); ratio original x6.6	RECALCULAR_KM	alta
g3_pentacom	PENTACOM	02594a1e-6233-461a-8387-3bab1b23a18d	Nutrien	Agrocentro Baigorria	CORONEL BAIGORRIA	"km cargado (ida 199) no coincide con ruta real desde su sede más cercana (Rio IV); coincide en cambio con ruta desde Córdoba capital (medido antes de la regla ""sede más cercana"")"	route Rio IV -33.11946 -64.36910 -32.8536599 -64.3542404 -> 35.9 km real vs 199.0 km cargado (dif 82%); ratio original x6.7	RECALCULAR_KM	alta
g3_pentacom	PENTACOM	c9c4f49c-a44f-4ca9-bfaf-643f6c210fb3	Nutrien	BOLIVAR ESQUINA JUJUY	COLONIA BISMARCK	"km cargado (ida 305) no coincide con ruta real desde su sede más cercana (Villa María); coincide en cambio con ruta desde Córdoba capital (medido antes de la regla ""sede más cercana"")"	route Villa María -32.41284 -63.26078 -33.3005117 -62.7131622 -> 152.7 km real vs 304.6 km cargado (dif 50%); ratio original x2.7	RECALCULAR_KM	alta
g3_pentacom	PENTACOM	f8528649-a5b0-43b2-ae96-d5c9bd2ad69f	Nutrien	Cnel Baigorria	CORONEL BAIGORRIA	"km cargado (ida 199) no coincide con ruta real desde su sede más cercana (Rio IV); coincide en cambio con ruta desde Córdoba capital (medido antes de la regla ""sede más cercana"")"	route Rio IV -33.11946 -64.36910 -32.8497253 -64.3589863 -> 33.7 km real vs 198.9 km cargado (dif 83%); ratio original x6.6	RECALCULAR_KM	alta
g3_pentacom	PENTACOM	558562a9-a670-415b-8c26-be5c1a37f2aa	Nutrien	Monte Buey - Córdoba CERRADA	MONTE BUEY	"km cargado (ida 270) no coincide con ruta real desde su sede más cercana (Villa María); coincide en cambio con ruta desde Córdoba capital (medido antes de la regla ""sede más cercana"")"	route Villa María -32.41284 -63.26078 -32.9184265 -62.456337 -> 118.6 km real vs 270.5 km cargado (dif 56%); ratio original x2.9	RECALCULAR_KM	alta
g3_pentacom	PENTACOM	f92aef26-108b-40ef-b291-b1995be9b9bd	Nutrien	Villa María - Córdoba	VILLA MARIA	"km cargado (ida 159) no coincide con ruta real desde su sede más cercana (Villa María); coincide en cambio con ruta desde Córdoba capital (medido antes de la regla ""sede más cercana"")"	route Villa María -32.41284 -63.26078 -32.4083574 -63.2390908 -> 3.3 km real vs 159.4 km cargado (dif 98%); ratio original x75.9	RECALCULAR_KM	alta
g3_pentacom	PENTACOM	96e4f30d-d781-425e-bb57-2960fbbeac63	OCA	LAS VARILLAS	LAS VARILLAS	"km cargado (ida 217) no coincide con ruta real desde su sede más cercana (Arroyito); coincide en cambio con ruta desde Córdoba capital (medido antes de la regla ""sede más cercana"")"	route Arroyito -31.42242 -63.05026 -31.8720152 -62.7189981 -> 90.9 km real vs 216.6 km cargado (dif 58%); ratio original x3.7	RECALCULAR_KM	alta
g3_pentacom	PENTACOM	a532f196-53f5-4050-af39-8c853884146a	OCA	RIO CUARTO	RIO CUARTO	"km cargado (ida 235) no coincide con ruta real desde su sede más cercana (Rio IV); coincide en cambio con ruta desde Córdoba capital (medido antes de la regla ""sede más cercana"")"	route Rio IV -33.11946 -64.36910 -33.1564668 -64.3596143 -> 6.3 km real vs 235.4 km cargado (dif 97%); ratio original x56.0	RECALCULAR_KM	alta
g3_pentacom	PENTACOM	2f509385-9def-4f24-b371-5f18d847b412	OCA	VILLA MARIA	VILLA MARIA	"km cargado (ida 161) no coincide con ruta real desde su sede más cercana (Villa María); coincide en cambio con ruta desde Córdoba capital (medido antes de la regla ""sede más cercana"")"	route Villa María -32.41284 -63.26078 -32.4186112 -63.2320779 -> 3.6 km real vs 161.3 km cargado (dif 98%); ratio original x57.6	RECALCULAR_KM	alta
g3_pentacom	PENTACOM	bf9848cb-48f0-471f-8ef4-faee6c3222d1	OCA	VILLA MARIA II	VILLA MARIA	"km cargado (ida 155) no coincide con ruta real desde su sede más cercana (Villa María); coincide en cambio con ruta desde Córdoba capital (medido antes de la regla ""sede más cercana"")"	route Villa María -32.41284 -63.26078 -32.3751354 -63.2375596 -> 5.8 km real vs 155.4 km cargado (dif 96%); ratio original x33.1	RECALCULAR_KM	alta
g3_pentacom	PENTACOM	aabdbf38-7437-4e50-9162-cf013dce0adb	OPDEA	General Deheza	GENERAL DEHEZA	"km cargado (ida 210) no coincide con ruta real desde su sede más cercana (Villa María); coincide en cambio con ruta desde Córdoba capital (medido antes de la regla ""sede más cercana"")"	route Villa María -32.41284 -63.26078 -32.7544084 -63.7849043 -> 64.1 km real vs 209.6 km cargado (dif 69%); ratio original x3.4	RECALCULAR_KM	alta
g3_pentacom	PENTACOM	0169fa3b-f728-442d-90b0-c4ead534c839	OPDEA	Lara Filippano	GENERAL DEHEZA	"km cargado (ida 210) no coincide con ruta real desde su sede más cercana (Villa María); coincide en cambio con ruta desde Córdoba capital (medido antes de la regla ""sede más cercana"")"	route Villa María -32.41284 -63.26078 -32.7574275 -63.7873047 -> 64.3 km real vs 209.9 km cargado (dif 69%); ratio original x3.4	RECALCULAR_KM	alta
g3_pentacom	PENTACOM	eb200967-8716-4c13-a481-079e21b9bc69	Pedidos Ya	Córdoba - Río Cuarto	RIO CUARTO	"km cargado (ida 234) no coincide con ruta real desde su sede más cercana (Rio IV); coincide en cambio con ruta desde Córdoba capital (medido antes de la regla ""sede más cercana"")"	route Rio IV -33.11946 -64.36910 -33.1369185 -64.3508066 -> 4.5 km real vs 233.6 km cargado (dif 98%); ratio original x89.9	RECALCULAR_KM	alta
g3_pentacom	PENTACOM	83c9d0f8-12bf-4696-a84b-efd97bd9c4a2	Praxair Argentina SRL	Río IV	RIO CUARTO	"km cargado (ida 232) no coincide con ruta real desde su sede más cercana (Rio IV); coincide en cambio con ruta desde Córdoba capital (medido antes de la regla ""sede más cercana"")"	route Rio IV -33.11946 -64.36910 -33.1213119 -64.3376791 -> 3.8 km real vs 231.9 km cargado (dif 98%); ratio original x80.0	RECALCULAR_KM	alta
g3_pentacom	PENTACOM	13189cf7-ef5b-4794-8d94-2d0b5d197796	Sancor Cooperativas Limitada	Brinkmann	BRINKMANN	"km cargado (ida 266) no coincide con ruta real desde su sede más cercana (San Francisco (Master’s Print)); coincide en cambio con ruta desde Córdoba capital (medido antes de la regla ""sede más cercana"")"	route San Francisco (Master’s Print) -31.43410 -62.09427 -30.8682705 -62.0321599 -> 66.9 km real vs 266.2 km cargado (dif 75%); ratio original x4.2	RECALCULAR_KM	alta
g3_pentacom	PENTACOM	b6b5e357-7c56-4332-9f41-ac262a2f20f2	Sancor Cooperativas Limitada	Córdoba - Concesionario PICOTTI	VILLA MARIA	"km cargado (ida 159) no coincide con ruta real desde su sede más cercana (Villa María); coincide en cambio con ruta desde Córdoba capital (medido antes de la regla ""sede más cercana"")"	route Villa María -32.41284 -63.26078 -32.4032069 -63.2359527 -> 4.0 km real vs 159.2 km cargado (dif 97%); ratio original x61.2	RECALCULAR_KM	alta
g3_pentacom	PENTACOM	f83b91b2-0599-40c4-8098-212b83b8fead	Sancor Cooperativas Limitada	Moldes	CORONEL MOLDES	"km cargado (ida 308) no coincide con ruta real desde su sede más cercana (Rio IV); coincide en cambio con ruta desde Córdoba capital (medido antes de la regla ""sede más cercana"")"	route Rio IV -33.11946 -64.36910 -33.6346397 -64.5996094 -> 77.4 km real vs 307.7 km cargado (dif 75%); ratio original x5.0	RECALCULAR_KM	alta
g3_pentacom	PENTACOM	55abc3a4-db69-4dbe-bd75-3c43b872d994	Sancor Cooperativas Limitada	Pozo del Molle	POZO DEL MOLLE	"km cargado (ida 204) no coincide con ruta real desde su sede más cercana (Villa María); coincide en cambio con ruta desde Córdoba capital (medido antes de la regla ""sede más cercana"")"	route Villa María -32.41284 -63.26078 -32.021407 -62.9195111 -> 58.1 km real vs 203.8 km cargado (dif 71%); ratio original x3.8	RECALCULAR_KM	alta
g3_pentacom	PENTACOM	d1eddc03-e1d2-4806-9819-03809f40333d	Sancor Cooperativas Limitada	Rio IV - Daniel Rabanal	RIO CUARTO	"km cargado (ida 234) no coincide con ruta real desde su sede más cercana (Rio IV); coincide en cambio con ruta desde Córdoba capital (medido antes de la regla ""sede más cercana"")"	route Rio IV -33.11946 -64.36910 -33.1384986 -64.3429343 -> 5.1 km real vs 234.1 km cargado (dif 98%); ratio original x73.2	RECALCULAR_KM	alta
g3_pentacom	PENTACOM	7fe286b6-e4a2-4734-bb23-e0436afbd012	Sancor Cooperativas Limitada	San Francisco - EMPREMUT S.C.	SAN FRANCISCO	"km cargado (ida 229) no coincide con ruta real desde su sede más cercana (San Francisco (Master’s Print)); coincide en cambio con ruta desde Córdoba capital (medido antes de la regla ""sede más cercana"")"	route San Francisco (Master’s Print) -31.43410 -62.09427 -31.4461089 -62.0757862 -> 2.9 km real vs 229.0 km cargado (dif 99%); ratio original x104.1	RECALCULAR_KM	alta
g3_pentacom	PENTACOM	34c00425-fe5d-4dd7-8ce8-28886e8f834f	Supercemento	Supercemento Saic Basaa SA UT Boderau UTE	VILLA CAEIRO	ratio alto x2.32 confirmado: es ruta real por sierras/rutas indirectas, no error	route Córdoba -31.31094 -64.22061 -31.300528 -64.459306 -> 52.7 km real vs 52.7 km cargado (dif 0%)	OK	alta
g3_pentacom	PENTACOM	2ba89c19-9a01-4804-820c-ce5059fd7b99	Banco Santander Río	216 - VILLA BELGRANO	CORDOBA	"pin de Gestión cae lejos de Córdoba capital (dloc 71.8 km); geocode de ""Av. Recta Martinolli 6529"" ubica un domicilio real en B° Villa Belgrano, Córdoba capital"	"pin Gestión -31.9777,-64.5594 (cerca de Villa Dolores, sin relación con la dirección); search ""Av. Recta Martinolli 6529, Córdoba"" -> -31.3538,-64.2473 (node 13943583648), Villa Belgrano, Córdoba capital"	PIN_MANUAL -31.3538,-64.2473 fuente=https://www.openstreetmap.org/node/13943583648	alta
g3_pentacom	PENTACOM	12ece091-2842-40ba-ad17-de9996dc2f9c	Bravucona	Estrada	CORDOBA	flag KM_CON_PIN_SOSPECHOSO es falso positivo: el pin de Gestión está bien (Córdoba capital), el geocode automático confundió la dirección con Huinca Renancó	"pin Gestión -31.4201,-64.1888 (dloc 0.6 km de Córdoba); reverse -> ""Barrio Suárez, Córdoba, Pedanía Capital"" a 2.5 km del pin, coherente"	OK	alta
g3_pentacom	PENTACOM	190055f9-cb68-47e4-94c3-5a2186601a97	Gefco	Volkswagen-Córdoba	CORDOBA	"flag KM_CON_PIN_SOSPECHOSO es falso positivo: pin correcto en Córdoba capital, geocode confundió ""Av. OHiggins"" con una calle de Río Cuarto"	"pin Gestión -31.4617,-64.1677 (dloc 5.2 km); reverse -> ""Nuevo Jardín, Jardín del Sud, Córdoba"" a 2 km del pin, coherente"	OK	alta
g3_pentacom	PENTACOM	f018bc5e-3667-4e97-84fb-3c814c3b8e09	OCA	TALLER REGIONAL CORDOBA	CORDOBA	"flag KM_CON_PIN_SOSPECHOSO es falso positivo: pin correcto en Córdoba capital, geocode confundió ""Alem"" con la calle homónima de Bell Ville"	"pin Gestión -31.3965,-64.1691 (dloc 2.6 km); reverse -> ""General Bustos, Córdoba"" a 1 km del pin, coherente"	OK	alta
g3_pentacom	PENTACOM	7cae7da9-8335-4e50-a4ca-674413337657	Sancor Cooperativas Limitada	Córdoba - Concesionario CASTRO	LA FALDA	"localidad de Gestión mal cargada: dice ""La Falda"" pero el pin y la dirección (Viel 1095) están en Córdoba capital (B° Villa Libertador / Bajada San José), coherente con el nombre de sucursal ""Córdoba - Concesionario CASTRO"""	"pin Gestión -31.4797,-64.2127 reverse -> ""Villa Libertador, Córdoba capital""; search ""Viel 1095, Córdoba"" -> -31.4225,-64.1141 (way 496993449), calle Benjamín Viel, Córdoba capital, ~10 km del pin; base ya usada es Córdoba (correcta), ratio 1.38 normal"	"GESTION (corregir localidad de ""La Falda"" a ""Córdoba capital""; pin y km ya están razonablemente bien)"	media
g3_pentacom	PENTACOM	43cceedf-682d-4892-9867-15634a6856d4	Sancor Cooperativas Limitada	Córdoba - Transportes Alem	CORDOBA	"pin de Gestión cae encima de la sede Río IV (2.4 km) en vez de en Córdoba (localidad declarada) ni en La Carlota; dirección ""Ordoñez 787"" matchea con una calle real en La Carlota, 105 km de Río IV; además el km cargado (234) fue medido desde Córdoba capital, no desde la sede correcta"	"pin Gestión -33.1405,-64.3652 (0.2 km de la sede Río IV, ratio recta x97 => pin cayó por default en la sede); search ""Ordoñez 787, Córdoba"" -> -33.4280,-63.2912 (way 1007809894), La Carlota, Córdoba; route Córdoba->pin actual = 233.9 km ≈ ida cargada (233.914)"	PIN_MANUAL -33.4280,-63.2912 fuente=https://www.openstreetmap.org/way/1007809894 (y RECALCULAR_KM una vez corregido el pin, desde la sede más cercana a La Carlota)	media
g3_pentacom	PENTACOM	217afb8c-03ff-415d-8110-f95ec92bd8ed	CEVA	Córdoba	SANTA ISABEL	"CEVA ""Córdoba"": pin cae a 813 km, en el sur de Buenos Aires/límite con La Pampa, sin relación con ""Santa Isabel"" (barrio de Córdoba capital) ni con el domicilio"	"pin Gestión -38.4161,-63.6167; search ""Av. Renault Argentina 2520, Córdoba"" -> -31.4696,-64.2276 (node 1277104069), B° El Paso, Córdoba capital, coincide con ""Santa Isabel"" (barrio vecino)"	PIN_MANUAL -31.4696,-64.2276 fuente=https://www.openstreetmap.org/node/1277104069	alta
g3_pentacom	PENTACOM	b865291e-1543-4f00-a825-0d3d5e2a469a	Molino Cañuelas	Suc. Pueblo Italiano	PUEBLO ITALIANO	"Molino Cañuelas ""Suc. Pueblo Italiano"": pin cae a 805 km en Chaco/Formosa, sin relación con la localidad cordobesa homónima (Depto. Unión)"	"pin Gestión -27.4257,-59.0244; search ""Pueblo Italiano, Córdoba"" -> -33.8823,-62.8405 (relation 5268624), centroide de la localidad correcta"	PIN_MANUAL -33.8823,-62.8405 fuente=https://www.openstreetmap.org/relation/5268624 (centroide de localidad, sin dirección puntual)	media
g3_pentacom	PENTACOM	c739bec3-e3d4-40e7-9eaf-520fb71584a5	Nutrien	Gral. Roca	GENERAL ROCA	"Nutrien ""Gral. Roca"": pin cae a 717 km, en General Roca (Río Negro, Patagonia) en vez de en General Roca, Depto. Marcos Juárez, Córdoba"	"pin Gestión -39.0308,-67.5738 (ciudad patagónica homónima); search ""25 de Mayo 325, General Roca, Córdoba"" -> -32.7307,-61.9183 (way 915045995), domicilio exacto en la localidad cordobesa correcta"	PIN_MANUAL -32.7307,-61.9183 fuente=https://www.openstreetmap.org/way/915045995	alta
g3_pentacom	PENTACOM	7484fc6d-e17c-4e2d-9f1a-f47aed61c1ec	Nutrien	Tancacha CERRADA	TANCACHA	"Nutrien ""Tancacha CERRADA"": pin cae a 582 km, en CABA, sin relación con Tancacha (Córdoba); sucursal ya figura cerrada"	"pin Gestión -34.5953,-58.3826 (Buenos Aires); search ""9 de Julio 1250, Tancacha, Córdoba"" sin resultados"	GESTION (sucursal cerrada con pin absurdo en CABA; no se pudo geolocalizar la dirección exacta, verificar si corresponde archivar/desactivar la fila junto con el pin)	media
g3_pentacom	PENTACOM	19363faf-8090-4e42-9670-0a01cc3dd62b	Sancor Cooperativas Limitada	Charlone	CORONEL CHARLONE	"Sancor ""Charlone"" (negociada, vacía de facturar=0): pin en Gestión cae cerca de CABA/GBA, a ~430 km de la localidad real declarada (Coronel Charlone, Bs. As., oeste, límite con La Pampa)"	"pin Gestión -34.5439,-58.7099 (zona GBA oeste); search ""Coronel Charlone, Buenos Aires"" -> -34.6743,-63.3689 (node 198446219), ubicación real de la localidad"	PIN_MANUAL -34.6743,-63.3689 fuente=https://www.openstreetmap.org/node/198446219 (centroide de localidad, verificar dirección puntual si Gestión la tiene)	media
g3_pentacom	PENTACOM	8b9fd12d-0f0e-462b-a157-a9fadfb7142d	Georgalos	Rio Segundo - Córdoba	RIO SEGUNDO	Georgalos Rio Segundo - Córdoba: km negociado (ida~57) muy superior a la línea recta base(Arroyito)→localidad (12.4 km, x4.6)	estimado con centroide OSM de la localidad (sin pin propio, sin gastar consultas osm.sh — dato ya cacheado en data/localidades_centroides.json)	TL	baja
g3_pentacom	PENTACOM	ea27a377-c59e-448e-b2b0-549aec4ea7e8	Nutrien	Rio Segundo	RIO SEGUNDO	Nutrien Rio Segundo: km negociado (ida~74.5) muy superior a la línea recta base(Arroyito)→localidad (12.4 km, x6.0)	estimado con centroide OSM de la localidad (sin pin propio, sin gastar consultas osm.sh — dato ya cacheado en data/localidades_centroides.json)	TL	baja
g3_pentacom	PENTACOM	d39d1ad9-8088-4ef6-8832-f6bb75d4dd9f	Granja Tres Arroyos	Avex Incubación	GENERAL DEHEZA	Granja Tres Arroyos Avex Incubación (Gral. Deheza): km negociado (ida~66) muy superior a la línea recta base(Córdoba)→localidad (10.9 km, x6.1)	estimado con centroide OSM de la localidad (sin pin propio, sin gastar consultas osm.sh — dato ya cacheado en data/localidades_centroides.json)	TL	baja
g3_pentacom	PENTACOM	85f0b459-ac32-4962-b457-dfbe961b2c2f	Granja Tres Arroyos	Avex Molino	REDUCCION	Granja Tres Arroyos Avex Molino (Reducción): km negociado (ida~52) muy superior a la línea recta base(Córdoba)→localidad (17.1 km, x3.0)	estimado con centroide OSM de la localidad (sin pin propio, sin gastar consultas osm.sh — dato ya cacheado en data/localidades_centroides.json)	TL	baja
g3_pentacom	PENTACOM	e0760d7e-bd44-4f34-8585-bf4e99ece64c	Saputo	Tio Pujio	TIO PUJIO	Saputo Tio Pujio: km negociado (ida~143.5) muy superior a la línea recta base(Córdoba)→localidad (18.4 km, x7.8)	estimado con centroide OSM de la localidad (sin pin propio, sin gastar consultas osm.sh — dato ya cacheado en data/localidades_centroides.json)	TL	baja
g3_pentacom	PENTACOM	52150e81-2390-4975-9c47-83c16d638c1a	Cartocor	Arroyito	ARROYITO 	Cartocor Arroyito: km negociado (ida~132) absurdo dado que la localidad ES la sede Arroyito (recta 0.4 km, x367); probablemente el domicilio real está lejos de Arroyito y la localidad de Gestión está mal, o el negociado corresponde a otro sitio	estimado con centroide OSM de la localidad (sin pin propio, sin gastar consultas osm.sh — dato ya cacheado en data/localidades_centroides.json)	TL	baja
g3_pentacom	PENTACOM	6f543b20-11c7-483e-8fac-dc50cd577449	OCA	MARCOS JUAREZ	MARCOS JUAREZ	OCA Marcos Juarez: km negociado (ida~77.5) menor que la línea recta base(Villa María)→localidad (112.8 km) — imposible	estimado con centroide OSM de la localidad (sin pin propio, sin gastar consultas osm.sh — dato ya cacheado en data/localidades_centroides.json)	TL	baja
g3_pentacom	PENTACOM	(sede) SPST Pentacom - Morrison	PENTACOM	-	-	"La sede SPST ""SPST Pentacom - Morrison - Fernando Aramburu"" tiene coordenadas corruptas en data/bases.json: 36.778261,-119.417932 (Fresno, California, EE.UU.) en vez de Morrison, Córdoba"	"search ""Morrison, Córdoba"" -> -32.5929,-62.8334 (relation 5353586); la sede real de Morrison está a esas coords, no en California. Afecta cualquier fila cuya ""sede más cercana"" debiera ser esta SPST (ninguna del muestreo la usa aún como base_mas_cercana porque el bug hace que nunca gane la comparación de distancia, pero si se corrige podría cambiar la sede más cercana de filas de la zona Bell Ville/Morrison, ej. tabla_km_id 7f223b4e Nutrien Colonia Bismark que declara spst=SPST Pentacom - Morrison sin medir)"	GESTION (corregir coordenadas de la sede SPST Morrison en la fuente de sedes, no es una fila de Tabla KM)	alta
g4_supernova	SUPERNOVA	565fda77-6177-4155-8ac0-4243c33a2745	ADIUM	Delegación Comercial Santa Fe	SANTA FE	km medido (176) parece calculado desde Rosario, no desde Carlos Mariscotti - DNI: 24.214.878 (base_mas_cercana real)	route Carlos Mariscotti - DNI: 24.214.878 (-31.61066,-60.69729) -> pin (-31.6562865,-60.713153) = 6.7 km por OSRM, vs kms_ida cargado 175.8 km (ratio_ida_vs_recta original 33.17)	RECALCULAR_KM	alta
g4_supernova	SUPERNOVA	ce7d2bd7-37ba-4d49-8477-80c4f408ebbc	Arcos Dorados (Mc Donalds)	GAF - Combos del Litoral S.A. (194)	SANTA FE	km medido (178) parece calculado desde Rosario, no desde Carlos Mariscotti - DNI: 24.214.878 (base_mas_cercana real)	route Carlos Mariscotti - DNI: 24.214.878 (-31.61066,-60.69729) -> pin (-31.6508875,-60.7081606) = 5.6 km por OSRM, vs kms_ida cargado 178.0 km (ratio_ida_vs_recta original 38.7)	RECALCULAR_KM	alta
g4_supernova	SUPERNOVA	66c3154e-ba00-424a-b25f-d103f39b964a	Arcos Dorados (Mc Donalds)	Santa Fe	SANTA FE	km medido (178) parece calculado desde Rosario, no desde Carlos Mariscotti - DNI: 24.214.878 (base_mas_cercana real)	route Carlos Mariscotti - DNI: 24.214.878 (-31.61066,-60.69729) -> pin (-31.6508875,-60.70816060000001) = 5.6 km por OSRM, vs kms_ida cargado 178.0 km (ratio_ida_vs_recta original 38.7)	RECALCULAR_KM	alta
g4_supernova	SUPERNOVA	07f7b6de-e35e-416a-be07-d680aee7fbc3	Banco Credicoop	336 - Santa Clara De Saguier	SANTA CLARA DE SAGUIER	km medido (257) parece calculado desde Rosario, no desde MKN SA - Daniel Edmundo Marzioni (base_mas_cercana real)	route MKN SA - Daniel Edmundo Marzioni (-31.24953,-61.48872) -> pin (-31.3369837,-61.8169614) = 45.0 km por OSRM, vs kms_ida cargado 257.3 km (ratio_ida_vs_recta original 7.87)	RECALCULAR_KM	alta
g4_supernova	SUPERNOVA	42a3851d-9c99-41f1-8740-3a4033ea1ce1	Banco Credicoop	340 - Santa Fe	SANTA FE	km medido (174) parece calculado desde Rosario, no desde Carlos Mariscotti - DNI: 24.214.878 (base_mas_cercana real)	route Carlos Mariscotti - DNI: 24.214.878 (-31.61066,-60.69729) -> pin (-31.6479432,-60.7079336) = 4.8 km por OSRM, vs kms_ida cargado 173.7 km (ratio_ida_vs_recta original 40.4)	RECALCULAR_KM	alta
g4_supernova	SUPERNOVA	16ca9265-db80-4bda-a8f7-092b9d8e116d	Banco Credicoop	595  Oficina Promocion UNL Cuidad Universitaria	SANTA FE	km medido (176) parece calculado desde Rosario, no desde Carlos Mariscotti - DNI: 24.214.878 (base_mas_cercana real)	route Carlos Mariscotti - DNI: 24.214.878 (-31.61066,-60.69729) -> pin (-31.5803552,-60.7323989) = 5.9 km por OSRM, vs kms_ida cargado 175.7 km (ratio_ida_vs_recta original 37.37)	RECALCULAR_KM	alta
g4_supernova	SUPERNOVA	d304c857-4cfa-4ee0-a28a-35656c136a9e	Banco Credicoop	597 Oficina De Promocion UNL Sede Esperanza	ESPERANZA	km medido (201) parece calculado desde Rosario, no desde Carlos Mariscotti - DNI: 24.214.878 (base_mas_cercana real)	route Carlos Mariscotti - DNI: 24.214.878 (-31.61066,-60.69729) -> pin (-31.4392549,-60.9447568) = 36.2 km por OSRM, vs kms_ida cargado 200.9 km (ratio_ida_vs_recta original 6.65)	RECALCULAR_KM	alta
g4_supernova	SUPERNOVA	9ec633a2-4b8b-45a9-a0d7-838b8325e26a	Banco Santander Río	156 - SANTA FE	SANTA FE	km medido (173) parece calculado desde Rosario, no desde Carlos Mariscotti - DNI: 24.214.878 (base_mas_cercana real)	route Carlos Mariscotti - DNI: 24.214.878 (-31.61066,-60.69729) -> pin (-31.6468,-60.7067) = 4.9 km por OSRM, vs kms_ida cargado 173.3 km (ratio_ida_vs_recta original 42.28)	RECALCULAR_KM	alta
g4_supernova	SUPERNOVA	b5ca8d57-1f1f-416a-b395-080d56e83a55	Banco Santander Río	273 - SANTA FE - ARISTOBULO DEL VALLE	SANTA FE	km medido (173) parece calculado desde Rosario, no desde Carlos Mariscotti - DNI: 24.214.878 (base_mas_cercana real)	route Carlos Mariscotti - DNI: 24.214.878 (-31.61066,-60.69729) -> pin (-31.6364,-60.6985) = 3.8 km por OSRM, vs kms_ida cargado 173.0 km (ratio_ida_vs_recta original 59.64)	RECALCULAR_KM	alta
g4_supernova	SUPERNOVA	68422179-0b6f-41fe-a5b0-b318718aa3ee	Banco Santander Río	815 - Oficina Digital Puerto Santa Fé	SANTA FE	km medido (179) parece calculado desde Rosario, no desde Carlos Mariscotti - DNI: 24.214.878 (base_mas_cercana real)	route Carlos Mariscotti - DNI: 24.214.878 (-31.61066,-60.69729) -> pin (-31.6469592,-60.6999453) = 5.5 km por OSRM, vs kms_ida cargado 178.8 km (ratio_ida_vs_recta original 44.7)	RECALCULAR_KM	alta
g4_supernova	SUPERNOVA	4e964bb4-f698-42cd-b862-0c87184cad68	Conectar SRL	Conectar 1	SUNCHALES	km medido (285) parece calculado desde Rosario, no desde MKN SA - Daniel Edmundo Marzioni (base_mas_cercana real)	route MKN SA - Daniel Edmundo Marzioni (-31.24953,-61.48872) -> pin (-30.9470414,-61.5567544) = 41.1 km por OSRM, vs kms_ida cargado 285.2 km (ratio_ida_vs_recta original 8.31)	RECALCULAR_KM	alta
g4_supernova	SUPERNOVA	1d1ddb40-8f03-432f-82fd-e3102633fe5b	Conectar SRL	Despacho AMPS	SUNCHALES	km medido (288) parece calculado desde Rosario, no desde MKN SA - Daniel Edmundo Marzioni (base_mas_cercana real)	route MKN SA - Daniel Edmundo Marzioni (-31.24953,-61.48872) -> pin (-30.9410414,-61.5677892) = 43.4 km por OSRM, vs kms_ida cargado 287.5 km (ratio_ida_vs_recta original 8.19)	RECALCULAR_KM	alta
g4_supernova	SUPERNOVA	7d6141f3-f8df-4d63-a390-fb510291b0a7	Correo Argentino	Santa Fe	SANTA FE	km medido (178) parece calculado desde Rosario, no desde Carlos Mariscotti - DNI: 24.214.878 (base_mas_cercana real)	route Carlos Mariscotti - DNI: 24.214.878 (-31.61066,-60.69729) -> pin (-31.6495675,-60.7055354) = 5.4 km por OSRM, vs kms_ida cargado 178.2 km (ratio_ida_vs_recta original 40.51)	RECALCULAR_KM	alta
g4_supernova	SUPERNOVA	173a62c4-7746-42ad-a8c3-daf5bf0614fb	Desarrollos Gastronómicos S.A.	KFC Ribera Shopping	SANTA FE	km medido (179) parece calculado desde Rosario, no desde Carlos Mariscotti - DNI: 24.214.878 (base_mas_cercana real)	route Carlos Mariscotti - DNI: 24.214.878 (-31.61066,-60.69729) -> pin (-31.648247,-60.7004074) = 5.3 km por OSRM, vs kms_ida cargado 178.6 km (ratio_ida_vs_recta original 42.51)	RECALCULAR_KM	alta
g4_supernova	SUPERNOVA	386629f4-086b-4969-abc8-a89d7a3a9b6b	Dia %	Tienda 1059 Santa Fe	SANTA FE	km medido (178) parece calculado desde Rosario, no desde Carlos Mariscotti - DNI: 24.214.878 (base_mas_cercana real)	route Carlos Mariscotti - DNI: 24.214.878 (-31.61066,-60.69729) -> pin (-31.649562,-60.7106075) = 5.3 km por OSRM, vs kms_ida cargado 178.4 km (ratio_ida_vs_recta original 39.64)	RECALCULAR_KM	alta
g4_supernova	SUPERNOVA	450ea033-f702-4c0c-8619-76db3c15ba7e	Dia %	Tienda 1068 Santo Tome	SANTO TOME	km medido (163) parece calculado desde Rosario, no desde Carlos Mariscotti - DNI: 24.214.878 (base_mas_cercana real)	route Carlos Mariscotti - DNI: 24.214.878 (-31.61066,-60.69729) -> pin (-31.6653404,-60.7653809) = 14.7 km por OSRM, vs kms_ida cargado 163.4 km (ratio_ida_vs_recta original 18.36)	RECALCULAR_KM	alta
g4_supernova	SUPERNOVA	e37d3246-aad9-4dba-a634-3aa61cc54109	Distrinando	RIVERA SHOPPING	SANTA FE	km medido (179) parece calculado desde Rosario, no desde Carlos Mariscotti - DNI: 24.214.878 (base_mas_cercana real)	route Carlos Mariscotti - DNI: 24.214.878 (-31.61066,-60.69729) -> pin (-31.648247,-60.7004074) = 5.3 km por OSRM, vs kms_ida cargado 178.6 km (ratio_ida_vs_recta original 42.51)	RECALCULAR_KM	alta
g4_supernova	SUPERNOVA	62984b95-fe42-492f-a213-4ddde9cff725	Galicia Seguros	Santa Fe	SANTA FE	km medido (173) parece calculado desde Rosario, no desde Carlos Mariscotti - DNI: 24.214.878 (base_mas_cercana real)	route Carlos Mariscotti - DNI: 24.214.878 (-31.61066,-60.69729) -> pin (-31.6449175,-60.7092963) = 4.8 km por OSRM, vs kms_ida cargado 173.2 km (ratio_ida_vs_recta original 43.31)	RECALCULAR_KM	alta
g4_supernova	SUPERNOVA	748eee30-0b2b-4df9-b8df-71c6fd5edeb4	Galicia Seguros	Sucursal Alvear	SANTA FE	km medido (173) parece calculado desde Rosario, no desde Carlos Mariscotti - DNI: 24.214.878 (base_mas_cercana real)	route Carlos Mariscotti - DNI: 24.214.878 (-31.61066,-60.69729) -> pin (-31.6330051,-60.6957937) = 4.2 km por OSRM, vs kms_ida cargado 172.8 km (ratio_ida_vs_recta original 69.13)	RECALCULAR_KM	alta
g4_supernova	SUPERNOVA	c3dd9295-93f8-4d44-96b8-44578a5efeed	Galicia Seguros	Sucursal Centro	SANTA FE	km medido (174) parece calculado desde Rosario, no desde Carlos Mariscotti - DNI: 24.214.878 (base_mas_cercana real)	route Carlos Mariscotti - DNI: 24.214.878 (-31.61066,-60.69729) -> pin (-31.6488479,-60.7119502) = 5.6 km por OSRM, vs kms_ida cargado 173.5 km (ratio_ida_vs_recta original 38.56)	RECALCULAR_KM	alta
g4_supernova	SUPERNOVA	30f995bd-efe3-49a9-9d18-a0b73d40b3eb	Galicia Seguros	Sucursal Recoleta	SANTA FE	km medido (173) parece calculado desde Rosario, no desde Carlos Mariscotti - DNI: 24.214.878 (base_mas_cercana real)	route Carlos Mariscotti - DNI: 24.214.878 (-31.61066,-60.69729) -> pin (-31.6388337,-60.7040567) = 3.7 km por OSRM, vs kms_ida cargado 172.6 km (ratio_ida_vs_recta original 53.93)	RECALCULAR_KM	alta
g4_supernova	SUPERNOVA	4c9d8764-8295-43eb-8054-3f6a84e69f2b	Ilolay	Planta de Bella Italia	BELLA ITALIA	km medido (231) parece calculado desde Rosario, no desde MKN SA - Daniel Edmundo Marzioni (base_mas_cercana real)	route MKN SA - Daniel Edmundo Marzioni (-31.24953,-61.48872) -> pin (-31.2979319,-61.3876397) = 11.6 km por OSRM, vs kms_ida cargado 231.2 km (ratio_ida_vs_recta original 21.02)	RECALCULAR_KM	alta
g4_supernova	SUPERNOVA	65f1fbe7-6871-4f8d-9b8f-559583a92d2c	Las Taperitas	Susana	SUSANA	km medido (241) parece calculado desde Rosario, no desde MKN SA - Daniel Edmundo Marzioni (base_mas_cercana real)	route MKN SA - Daniel Edmundo Marzioni (-31.24953,-61.48872) -> pin (-31.3170509,-61.520763) = 9.0 km por OSRM, vs kms_ida cargado 240.9 km (ratio_ida_vs_recta original 29.74)	RECALCULAR_KM	alta
g4_supernova	SUPERNOVA	7bb89b77-9464-40cd-9803-196a40513a01	Meli Log S.R.L.	SVC Santa Fe (MLO)	SANTA FE	km medido (164) parece calculado desde Rosario, no desde Carlos Mariscotti - DNI: 24.214.878 (base_mas_cercana real)	route Carlos Mariscotti - DNI: 24.214.878 (-31.61066,-60.69729) -> pin (-31.66311835822575,-60.82590916503497) = 20.6 km por OSRM, vs kms_ida cargado 164.2 km (ratio_ida_vs_recta original 12.17)	RECALCULAR_KM	alta
g4_supernova	SUPERNOVA	26a03369-4089-40cb-826a-26e48baaf712	Mercado Libre SRL	SVC Santa Fe	SANTA FE	km medido (162) parece calculado desde Rosario, no desde Carlos Mariscotti - DNI: 24.214.878 (base_mas_cercana real)	route Carlos Mariscotti - DNI: 24.214.878 (-31.61066,-60.69729) -> pin (-31.662028586616536,-60.82090922063722) = 18.8 km por OSRM, vs kms_ida cargado 162.5 km (ratio_ida_vs_recta original 12.5)	RECALCULAR_KM	alta
g4_supernova	SUPERNOVA	2ea47c8c-c4a0-4911-8b35-443de9d1d8a2	Mercado Libre SRL	Santa Fe	SANTA FE	km medido (179) parece calculado desde Rosario, no desde Carlos Mariscotti - DNI: 24.214.878 (base_mas_cercana real)	route Carlos Mariscotti - DNI: 24.214.878 (-31.61066,-60.69729) -> pin (-31.6471378,-60.7000751) = 5.5 km por OSRM, vs kms_ida cargado 178.8 km (ratio_ida_vs_recta original 43.6)	RECALCULAR_KM	alta
g4_supernova	SUPERNOVA	61d37586-63b7-4886-9a32-dd1b33722843	Nación Servicios SA	Santa Fe - Calle San Martin 2499 - BNA	SANTA FE	km medido (173) parece calculado desde Rosario, no desde Carlos Mariscotti - DNI: 24.214.878 (base_mas_cercana real)	route Carlos Mariscotti - DNI: 24.214.878 (-31.61066,-60.69729) -> pin (-31.6468227,-60.7068745) = 4.8 km por OSRM, vs kms_ida cargado 173.3 km (ratio_ida_vs_recta original 42.27)	RECALCULAR_KM	alta
g4_supernova	SUPERNOVA	46c168cb-3f69-4502-8024-2652324b13b4	Natura	Ivana Martinez	SAN JOSE DEL RINCON	km medido (187) parece calculado desde Rosario, no desde Carlos Mariscotti - DNI: 24.214.878 (base_mas_cercana real)	route Carlos Mariscotti - DNI: 24.214.878 (-31.61066,-60.69729) -> pin (-31.6000004,-60.5833282) = 18.1 km por OSRM, vs kms_ida cargado 187.0 km (ratio_ida_vs_recta original 17.15)	RECALCULAR_KM	alta
g4_supernova	SUPERNOVA	78d8ebe7-163f-45cf-846a-f12939ff5f96	Natura	Jorgelina Aprile	SANTA FE	km medido (175) parece calculado desde Rosario, no desde Carlos Mariscotti - DNI: 24.214.878 (base_mas_cercana real)	route Carlos Mariscotti - DNI: 24.214.878 (-31.61066,-60.69729) -> pin (-31.58610049999999,-60.7236461) = 4.9 km por OSRM, vs kms_ida cargado 174.7 km (ratio_ida_vs_recta original 47.22)	RECALCULAR_KM	alta
g4_supernova	SUPERNOVA	3d0730dd-b230-4301-a398-4a860e5b52bb	Natura	Maria Gabriela Mina	SANTA FE	km medido (172) parece calculado desde Rosario, no desde Carlos Mariscotti - DNI: 24.214.878 (base_mas_cercana real)	route Carlos Mariscotti - DNI: 24.214.878 (-31.61066,-60.69729) -> pin (-31.6388124,-60.7093668) = 4.6 km por OSRM, vs kms_ida cargado 172.1 km (ratio_ida_vs_recta original 52.15)	RECALCULAR_KM	alta
g4_supernova	SUPERNOVA	282e1065-8bfb-45c4-a880-5ad51e1bfd5e	Natura	Mariana Gallegos	SANTA FE	km medido (171) parece calculado desde Rosario, no desde Carlos Mariscotti - DNI: 24.214.878 (base_mas_cercana real)	route Carlos Mariscotti - DNI: 24.214.878 (-31.61066,-60.69729) -> pin (-31.6272161,-60.7094906) = 3.6 km por OSRM, vs kms_ida cargado 170.8 km (ratio_ida_vs_recta original 77.65)	RECALCULAR_KM	alta
g4_supernova	SUPERNOVA	40ced1be-08f4-4318-9ca3-4df3f4c4f143	Natura	María del Valle Niedermayer	SANTA FE	km medido (173) parece calculado desde Rosario, no desde Carlos Mariscotti - DNI: 24.214.878 (base_mas_cercana real)	route Carlos Mariscotti - DNI: 24.214.878 (-31.61066,-60.69729) -> pin (-31.6458935,-60.7098916) = 5.0 km por OSRM, vs kms_ida cargado 173.0 km (ratio_ida_vs_recta original 42.2)	RECALCULAR_KM	alta
g4_supernova	SUPERNOVA	37938f0b-6bea-458c-b3c3-d290fb3547b0	Natura	Priscila Fernández	SANTA FE	km medido (177) parece calculado desde Rosario, no desde Carlos Mariscotti - DNI: 24.214.878 (base_mas_cercana real)	route Carlos Mariscotti - DNI: 24.214.878 (-31.61066,-60.69729) -> pin (-31.5730308,-60.7191815) = 6.1 km por OSRM, vs kms_ida cargado 177.2 km (ratio_ida_vs_recta original 37.71)	RECALCULAR_KM	alta
g4_supernova	SUPERNOVA	c8c286c1-4d6a-4e04-b998-a055c90aef39	Nutrien	Rafaela - Santa Fé	SUSANA	km medido (233) parece calculado desde Rosario, no desde MKN SA - Daniel Edmundo Marzioni (base_mas_cercana real)	route MKN SA - Daniel Edmundo Marzioni (-31.24953,-61.48872) -> pin (-31.3534476,-61.5291952) = 13.4 km por OSRM, vs kms_ida cargado 232.8 km (ratio_ida_vs_recta original 19.08)	RECALCULAR_KM	alta
g4_supernova	SUPERNOVA	de3ca7e0-5935-46e5-b17a-703018b5b06a	OCA	SANTA FE	SANTA FE	km medido (173) parece calculado desde Rosario, no desde Carlos Mariscotti - DNI: 24.214.878 (base_mas_cercana real)	route Carlos Mariscotti - DNI: 24.214.878 (-31.61066,-60.69729) -> pin (-31.647031,-60.7168575) = 6.0 km por OSRM, vs kms_ida cargado 172.6 km (ratio_ida_vs_recta original 39.23)	RECALCULAR_KM	alta
g4_supernova	SUPERNOVA	4e5b28a0-f6e5-4c57-8d15-1792efe31136	Pedidos Ya	AR_517_SANTA_FE	SANTA FE	km medido (173) parece calculado desde Rosario, no desde Carlos Mariscotti - DNI: 24.214.878 (base_mas_cercana real)	route Carlos Mariscotti - DNI: 24.214.878 (-31.61066,-60.69729) -> pin (-31.6428953,-60.7248617) = 6.6 km por OSRM, vs kms_ida cargado 172.6 km (ratio_ida_vs_recta original 39.23)	RECALCULAR_KM	alta
g4_supernova	SUPERNOVA	ffc69e62-d552-44c6-96f2-8f2176424cc7	Pedidos Ya	Santa Fe	SANTA FE	km medido (172) parece calculado desde Rosario, no desde Carlos Mariscotti - DNI: 24.214.878 (base_mas_cercana real)	route Carlos Mariscotti - DNI: 24.214.878 (-31.61066,-60.69729) -> pin (-31.6376725,-60.7037853) = 3.8 km por OSRM, vs kms_ida cargado 172.3 km (ratio_ida_vs_recta original 55.6)	RECALCULAR_KM	alta
g4_supernova	SUPERNOVA	423a76fa-588d-4eb5-9675-b05ee36ffad5	Roemmers	Delegación Santa Fe	SANTA FE	km medido (177) parece calculado desde Rosario, no desde Carlos Mariscotti - DNI: 24.214.878 (base_mas_cercana real)	route Carlos Mariscotti - DNI: 24.214.878 (-31.61066,-60.69729) -> pin (-31.6095031,-60.6672397) = 3.4 km por OSRM, vs kms_ida cargado 176.5 km (ratio_ida_vs_recta original 63.04)	RECALCULAR_KM	alta
g4_supernova	SUPERNOVA	31aafe43-b9b3-410d-af8a-caa3b88ebb74	Sancor Cooperativas Limitada	San Guillermo	SAN GUILLERMO	km medido (376) parece calculado desde Rosario, no desde MKN SA - Daniel Edmundo Marzioni (base_mas_cercana real)	route MKN SA - Daniel Edmundo Marzioni (-31.24953,-61.48872) -> pin (-30.3601303,-61.9156265) = 131.9 km por OSRM, vs kms_ida cargado 376.0 km (ratio_ida_vs_recta original 3.51)	RECALCULAR_KM	alta
g4_supernova	SUPERNOVA	1ca810cf-5df5-40ff-ae66-564e67b28e42	Sancor Cooperativas Limitada	Sunchales 1	SUNCHALES	km medido (287) parece calculado desde Rosario, no desde MKN SA - Daniel Edmundo Marzioni (base_mas_cercana real)	route MKN SA - Daniel Edmundo Marzioni (-31.24953,-61.48872) -> pin (-30.9429569,-61.5598907) = 42.4 km por OSRM, vs kms_ida cargado 286.5 km (ratio_ida_vs_recta original 8.23)	RECALCULAR_KM	alta
g4_supernova	SUPERNOVA	ede6b282-74c4-474b-8716-339ad766ff67	Sancor Cooperativas Limitada	Sunchales 2	SUNCHALES	km medido (287) parece calculado desde Rosario, no desde MKN SA - Daniel Edmundo Marzioni (base_mas_cercana real)	route MKN SA - Daniel Edmundo Marzioni (-31.24953,-61.48872) -> pin (-30.9429569,-61.5598907) = 42.4 km por OSRM, vs kms_ida cargado 286.5 km (ratio_ida_vs_recta original 8.23)	RECALCULAR_KM	alta
g4_supernova	SUPERNOVA	4278ca7f-a6b9-4080-bfc8-882995e681b3	Sancor Cooperativas Limitada	Sunchales Alem	SUNCHALES	km medido (286) parece calculado desde Rosario, no desde MKN SA - Daniel Edmundo Marzioni (base_mas_cercana real)	route MKN SA - Daniel Edmundo Marzioni (-31.24953,-61.48872) -> pin (-30.9488153,-61.5648207) = 41.9 km por OSRM, vs kms_ida cargado 285.9 km (ratio_ida_vs_recta original 8.36)	RECALCULAR_KM	alta
g4_supernova	SUPERNOVA	7b3a5f3f-11eb-40d9-ab46-e2f4e86874bb	Saputo	Depostio Mediterraneo	RAFAELA	km medido (247) parece calculado desde Rosario, no desde MKN SA - Daniel Edmundo Marzioni (base_mas_cercana real)	route MKN SA - Daniel Edmundo Marzioni (-31.24953,-61.48872) -> pin (-31.2263324,-61.5026635) = 5.0 km por OSRM, vs kms_ida cargado 247.0 km (ratio_ida_vs_recta original 85.17)	RECALCULAR_KM	alta
g4_supernova	SUPERNOVA	1736a7e7-99b3-4281-a2ba-ca705ca94f22	YAGUAR	Santa Fe	SANTA FE	km medido (172) parece calculado desde Rosario, no desde Carlos Mariscotti - DNI: 24.214.878 (base_mas_cercana real)	route Carlos Mariscotti - DNI: 24.214.878 (-31.61066,-60.69729) -> pin (-31.6094935,-60.7193273) = 4.3 km por OSRM, vs kms_ida cargado 172.4 km (ratio_ida_vs_recta original 82.11)	RECALCULAR_KM	alta
g4_supernova	SUPERNOVA	7bb89b77-9464-40cd-9803-196a40513a01	Meli Log S.R.L.	SVC Santa Fe (MLO)	SANTA FE	pin de Gestión marcado sospechoso, pero cae en la localidad correcta (el geocode de comparación es el que está mal)	"reverse del pin -> ""Las Vegas, Municipio de Santo Tomé, Santa Fe"" (zona RN19 salida Santa Fe), coherente con domicilio ""RN 19 km 5.5"""	OK	media
g4_supernova	SUPERNOVA	61d37586-63b7-4886-9a32-dd1b33722843	Nación Servicios SA	Santa Fe - Calle San Martin 2499 - BNA	SANTA FE	pin de Gestión marcado sospechoso, pero cae en la localidad correcta (el geocode de comparación es el que está mal)	pin -31.6468,-60.7069 coincide con cluster de pines Santa Fe centro (San Martín 2499), domicilio consistente	OK	media
g4_supernova	SUPERNOVA	78d8ebe7-163f-45cf-846a-f12939ff5f96	Natura	Jorgelina Aprile	SANTA FE	pin de Gestión marcado sospechoso, pero cae en la localidad correcta (el geocode de comparación es el que está mal)	"reverse del pin -> ""21 de Octubre, Santa Fe, Santa Fe Capital"", coherente con domicilio Luciano Leiva 9880"	OK	media
g4_supernova	SUPERNOVA	37938f0b-6bea-458c-b3c3-d290fb3547b0	Natura	Priscila Fernández	SANTA FE	pin de Gestión marcado sospechoso, pero cae en la localidad correcta (el geocode de comparación es el que está mal)	pin -31.5730,-60.7192 dentro del cluster de pines de Santa Fe (Chaco 5122), a 4-5 km de otros pines confirmados de la ciudad	OK	media
g4_supernova	SUPERNOVA	c8c286c1-4d6a-4e04-b998-a055c90aef39	Nutrien	Rafaela - Santa Fé	SUSANA	pin de Gestión marcado sospechoso, pero cae en la localidad correcta (el geocode de comparación es el que está mal)	"reverse del pin -> ""Municipio de Susana, Departamento Castellanos, Santa Fe"", coherente con domicilio Ruta 34 km 213"	OK	media
g4_supernova	SUPERNOVA	029651df-712b-41f6-9e0f-09a0c8e6d991	Lisicki Litvin	Rosario	ROSARIO	pin de Gestión marcado sospechoso, pero cae en Rosario (correcto)	"reverse -32.9587,-60.6930 -> ""Villa Urquiza, Distrito Oeste, Rosario, Municipio de Rosario, Santa Fe"" (domicilio Madres de Plaza de Mayo 3020, Rosario); el geocode de comparación (S3020 Santa Fe Province, 184 km) es el erróneo"	OK	alta
g4_supernova	SUPERNOVA	eada48dd-e833-443d-80af-9e49f9736f35	Natura	María Paula Fracaro	PIÑERO	pin cargado = coordenadas de la base SPST Santa Fe (Carlos Mariscotti, -31.6107,-60.6973), no hay pin real del cliente en Piñero (dist_pin_a_localidad_km=163.5)	"search ""Camino de la Feria 121, Piñero, Santa Fe"" -> -33.0815157,-60.7151469 (way 328022111), coincide con domicilio ""Camino de la Feria 121"" y con el geocode ya registrado (GEOMETRIC_CENTER, 164 km del pin actual)"	PIN_MANUAL -33.0815157,-60.7151469 fuente=https://www.openstreetmap.org/way/328022111	alta
g4_supernova	SUPERNOVA	eada48dd-e833-443d-80af-9e49f9736f35	Natura	María Paula Fracaro	PIÑERO	una vez corregido el pin, el km queda medido desde base equivocada (fallback a Santa Fe en vez de Rosario, ambas SPST)	Piñero está en el Gran Rosario (Departamento Rosario); con el pin corregido corresponde recalcular desde Supernova Servicios SRL (Rosario)	RECALCULAR_KM	alta
g4_supernova	SUPERNOVA	14aa865c-50a8-4ee9-90b8-39306ebab0a6	OCA	SANTA FE ANEXO	SANTA FE	"pin cargado = coordenadas de la base SPST Santa Fe (fallback), sin pin real; localidad ""SANTA FE"" en Gestión no coincide con el domicilio (Saavedra 2218)"	"search ""Saavedra 2218, Santa Fe, Santa Fe"" no devuelve nada en la capital; el geocode ya registrado en Gestión (ROOFTOP, 158 km del pin actual) apunta a -33.0257,-60.6167, que coincide exacto con un candidato de OSM: way 1216959376, ""2218, Saavedra, Villa Gobernador Gálvez, Gran Rosario, Santa Fe"""	PIN_MANUAL -33.0256684,-60.6167193 fuente=https://www.openstreetmap.org/way/1216959376	media
g4_supernova	SUPERNOVA	14aa865c-50a8-4ee9-90b8-39306ebab0a6	OCA	SANTA FE ANEXO	SANTA FE	"localidad de Gestión (""SANTA FE"") parece mal cargada: la dirección real cae en Villa Gobernador Gálvez (Gran Rosario), no en la ciudad de Santa Fe"	ver hallazgo de pin de la misma fila	GESTION	media
g4_supernova	SUPERNOVA	9a50d68b-447b-4caf-9991-16c4b946476a	Saputo	Rosario 2	ROSARIO	pin de Gestión cae en Almafuerte, Córdoba (a 347 km de la localidad declarada, Rosario), no en el domicilio real	"reverse -32.1916,-64.2551 -> ""Almafuerte, Municipio de Almafuerte, Pedanía Salto, Departamento Tercero Arriba, Córdoba""; search ""Genova y Victor Cue, Rosario, Santa Fe"" sin resultados; el geocode ya registrado en Gestión (GEOMETRIC_CENTER) ubica la intersección en -32.9155,-60.6980, coherente con el domicilio ""Victor Cue Bis 935"" (esquina Genova y Victor Cue), Rosario"	PIN_MANUAL -32.9155,-60.6980 fuente=geocode Gestión (GEOMETRIC_CENTER, sin match directo en OSM)	media
g4_supernova	SUPERNOVA	9a50d68b-447b-4caf-9991-16c4b946476a	Saputo	Rosario 2	ROSARIO	con el pin actual (Córdoba) el ratio_ida_vs_recta da 1.3 (rango normal) por coincidencia: tanto el pin como la línea recta están mal en la misma dirección, hay que recalcular tras corregir el pin	kms_ida actual 365.9 km vs recta actual 281.8 km (pin en Córdoba); con pin correcto en Rosario la distancia real es de pocos km	RECALCULAR_KM	media
g4_supernova	SUPERNOVA	abf9c6e8-ea11-4ab0-9301-4940a23bd00e	Saputo	Virginia Gamboa	ROSARIO	pin de Gestión cae en Almafuerte, Córdoba (a 347 km de la localidad declarada, Rosario), no en el domicilio real	"reverse -32.1916,-64.2551 -> ""Almafuerte, Municipio de Almafuerte, Pedanía Salto, Departamento Tercero Arriba, Córdoba""; search ""Genova y Victor Cue, Rosario, Santa Fe"" sin resultados; el geocode ya registrado en Gestión (GEOMETRIC_CENTER) ubica la intersección en -32.9155,-60.6980, coherente con el domicilio ""Victor Cue Bis 935"" (esquina Genova y Victor Cue), Rosario"	PIN_MANUAL -32.9155,-60.6980 fuente=geocode Gestión (GEOMETRIC_CENTER, sin match directo en OSM)	media
g4_supernova	SUPERNOVA	abf9c6e8-ea11-4ab0-9301-4940a23bd00e	Saputo	Virginia Gamboa	ROSARIO	con el pin actual (Córdoba) el ratio_ida_vs_recta da 1.3 (rango normal) por coincidencia: tanto el pin como la línea recta están mal en la misma dirección, hay que recalcular tras corregir el pin	kms_ida actual 365.9 km vs recta actual 281.8 km (pin en Córdoba); con pin correcto en Rosario la distancia real es de pocos km	RECALCULAR_KM	media
g4_supernova	SUPERNOVA	16ca9265-db80-4bda-a8f7-092b9d8e116d	Banco Credicoop	595  Oficina Promocion UNL Cuidad Universitaria	SANTA FE	cobertura_incidentes.csv marca esta sucursal como fila_activa=f (2 incidentes, último 2026-05) aunque la fila SI existe activa	"nombre en Tabla KM: ""595  Oficina Promocion UNL Cuidad Universitaria"" (doble espacio entre ""595"" y ""Oficina""); el motor busca por lower(trim()) exacto y no matchea contra el nombre del incidente (""595 Oficina..."", un solo espacio)"	"RENOMBRAR 16ca9265-db80-4bda-a8f7-092b9d8e116d a ""Banco Credicoop|595 Oficina Promocion UNL Cuidad Universitaria"""	alta
g4_supernova	SUPERNOVA	e3ea39fe-065a-45bb-ba98-9b676eddb85c	Desarrollos Gastronómicos S.A.	KFC162  Libertad Rosario	ROSARIO	cobertura_incidentes.csv marca esta sucursal como fila_activa=f (1 incidente, 2026-06) aunque la fila SI existe activa	"nombre en Tabla KM: ""KFC162  Libertad Rosario"" (doble espacio entre ""KFC162"" y ""Libertad""); mismo problema de match exacto que la fila anterior"	"RENOMBRAR e3ea39fe-065a-45bb-ba98-9b676eddb85c a ""Desarrollos Gastronómicos S.A.|KFC162 Libertad Rosario"""	alta
g5_infomac_noa	INFOMAC	15d92ae0-ecca-4472-97e8-c29e0d59253b	Aerolineas Argentinas	Aeropuerto de Esquel	ESQUEL	pin en Barrancas (Neuquén), 674 km de Esquel; 155.3 km medidos desde Rincón de los Sauces (310 facturables)	"reverse -36.967222,-69.7937775 = Municipio de Barrancas, Dpto Pehuenches, Neuquén; search ""Aeropuerto Esquel"" = Aeropuerto Antonio Parodi, RN40, way/333513627 (-42.9042678,-71.1344306); route base Esquel (Pablo Carabajal -42.912086,-71.3210914) -> aeropuerto = 20.5 km"	PIN_MANUAL -42.9042678,-71.1344306 fuente=https://www.openstreetmap.org/way/333513627	alta
g5_infomac_noa	INFOMAC	15d92ae0-ecca-4472-97e8-c29e0d59253b	Aerolineas Argentinas	Aeropuerto de Esquel	ESQUEL	km medido con pin equivocado y desde base equivocada	ruta real Esquel -> aeropuerto 20.5 km ida (vs 155.3 cargado)	RECALCULAR_KM	alta
g5_infomac_noa	INFOMAC	54d85a97-55e3-4200-95a7-b507cbad2e0b	Central Puerto	HPDA (base Neuquen)	NEUQUEN	pin de Gestión en Bahía Blanca (502 km); 243.8 km medidos desde Macachín (487.8 facturables)	"reverse -38.7183177,-62.2663478 = Centro Oeste, Bahía Blanca; la fila hermana ea8a54d2 ""Piedra del Águila|HPDA (base Neuquen)"" (Siges 14379, mismo domicilio Bahía Blanca y Richieri) tiene pin Siges -38.9625542,-68.0590514 (reverse = La Familia/Manuel Belgrano, Neuquén) y 5.032 km medidos; geocode de Gestión coincide (-38.962554,-68.0508543 ""Bahía Blanca & Ricchieri, Neuquén"")"	PIN_MANUAL -38.9625542,-68.0590514 fuente=siges sucursal 14379 (misma dirección) / geocode Gestión	alta
g5_infomac_noa	INFOMAC	54d85a97-55e3-4200-95a7-b507cbad2e0b	Central Puerto	HPDA (base Neuquen)	NEUQUEN	km medido a Bahía Blanca	con el pin correcto la ruta desde base Neuquén es ~5.0 km (fila ea8a54d2)	RECALCULAR_KM	alta
g5_infomac_noa	INFOMAC	1763b032-5bd9-4c6e-9b81-799c3bd84807	AMI MUSIC	A31 - DASH La Pampa	SANTA ROSA	pin de Gestión = centroide de Argentina (-38.416097,-63.6166719), 208 km de Santa Rosa; 146.3 km medidos desde Macachín	"search ""Av. Circunvalación 1550, Santa Rosa"": OSM no tiene altura; la calle es Av. Circunvalación Santiago Marzo (anillo de la ciudad, way/86140205 tramo sur -36.6461391,-64.2801698); route base Wilberger (-36.6440185,-64.2917399) -> ese punto = 1.5 km; cualquier punto del anillo queda < 8 km de la base (bajo umbral 30)"	PIN_MANUAL -36.6461391,-64.2801698 fuente=https://www.openstreetmap.org/way/86140205	media
g5_infomac_noa	INFOMAC	1763b032-5bd9-4c6e-9b81-799c3bd84807	AMI MUSIC	A31 - DASH La Pampa	SANTA ROSA	km medido con pin equivocado	ruta base Santa Rosa -> circunvalación 1.5 km (vs 146.3 cargado); altura exacta 1550 a confirmar en Gestión	RECALCULAR_KM	media
g5_infomac_noa	LA RIOJA	a4f60235-b075-47c2-b7aa-5036bbfcbb41	Diarco	La Rioja	LA RIOJA	pin de Gestión en Punta de los Llanos (88 km al SE de La Rioja); 105.4 km medidos (210.7 facturables)	"reverse -30.1553885,-66.5290951 = Punta de los Llanos, Dpto Capital; search ""Diarco, La Rioja"" = supermercado Diarco, Esteban Echeverría, La Rioja, way/407009798 (-29.4216695,-66.8279880); route REFONOR -> Diarco = 6.7 km"	PIN_MANUAL -29.4216695,-66.8279880 fuente=https://www.openstreetmap.org/way/407009798	alta
g5_infomac_noa	LA RIOJA	a4f60235-b075-47c2-b7aa-5036bbfcbb41	Diarco	La Rioja	LA RIOJA	km medido con pin equivocado	ruta real 6.7 km ida (vs 105.4 cargado) -> bajo umbral, 0 facturable	RECALCULAR_KM	alta
g5_infomac_noa	TUCUMAN	7844214c-af54-4e6b-b8ff-0673b5c9db40	OCA	Deposito Tucuman	SAN MIGUEL DE TUCUMAN	fila vacía: pin de Gestión = centroide de Argentina (1297 km); sin km	"search ""Av. Néstor Kirchner 3411, SMT"": OSM no tiene altura; Av. Néstor Kirchner (ex Av. Roca) tramo Samoré way/1074008076 (-26.8347304,-65.2505266), a 250 m del Hiper Libertad ""Av Roca 3450"" (-26.8349,-65.2525) y de OCA TUCUMAN/SEPRIT 2 (Pje. López 3192, -26.8352,-65.2489); route NAPA -> ese punto = 8.8 km"	PIN_MANUAL -26.8347304,-65.2505266 fuente=https://www.openstreetmap.org/way/1074008076	media
g5_infomac_noa	TUCUMAN	7844214c-af54-4e6b-b8ff-0673b5c9db40	OCA	Deposito Tucuman	SAN MIGUEL DE TUCUMAN	sin km	con el pin propuesto ~8-9 km ida (bajo umbral)	RECALCULAR_KM	media
g5_infomac_noa	TUCUMAN	b9828253-d681-42d7-adef-4c67f8eda0d4	Generación Mediterránea	INDEPENDENCIA	SAN MIGUEL DE TUCUMAN	pin de Gestión = centroide de SMT (-26.8082848,-65.2175903), la central está 6.4 km al sur	"search ""Central Térmica Independencia, SMT"" = way/102378127 (-26.8666125,-65.2254137, Ex Ingenio Amalia); coincide con geocode de Gestión ""Pcia de Jujuy 2800"" (-26.8660656,-65.2207317); route NAPA -> geocode = 7.7 km (vs 2.9 cargado)"	PIN_MANUAL -26.8666125,-65.2254137 fuente=https://www.openstreetmap.org/way/102378127	alta
g5_infomac_noa	TUCUMAN	b9828253-d681-42d7-adef-4c67f8eda0d4	Generación Mediterránea	INDEPENDENCIA	SAN MIGUEL DE TUCUMAN	km medido al centroide de la ciudad	ruta real ~7.7 km ida (vs 2.928); sigue bajo umbral 30	RECALCULAR_KM	alta
g5_infomac_noa	TUCUMAN	a4178ebc-3293-41f8-abff-705bacdb464a	varios (7 filas)	Nodo 772 / Brinks SMT / Natura C.Garcia / Natura G.Ardiles / Pedidos Ya AR_38 / Piero Deposito / Gen.Mediterránea	SAN MIGUEL DE TUCUMAN	pin idéntico -26.8082848,-65.2175903 en 7 filas (a4178ebc, 490c3104, 7e9df6cd, 33ca3793, d4aa97fb, 97b76389, b9828253) = centroide de la ciudad, no la dirección	todas miden 2.928 km desde NAPA; dentro de SMT cualquier dirección queda < 15 km -> bajo umbral, sin impacto en facturación; corregir en Gestión cuando se pueda	GESTION	baja
g5_infomac_noa	INFOMAC	d1fbd8fc-3fa6-4d17-8a74-a93426333709	Banco Santander Río	482 - BOLIVAR	BOLIVAR	dist_pin_a_localidad 105.6 km es falso positivo	"reverse -36.2317,-61.1128 = San Carlos de Bolívar (el centroide OSM de ""Bolívar"" apunta a otro lugar); 91.9 km desde Pehuajó, ratio 1.09 coherente"	OK	alta
g5_infomac_noa	SM TUCUMAN	bcf3eb56-97ec-48e5-bbd6-a168ad789c72	Citrusvil S.A.	Finca Rancho Grande	SANTIAGO DEL ESTERO	KM_CON_PIN_SOSPECHOSO / pin a 84 km del centroide es falso positivo	"reverse -27.1364568,-64.6882272 = Toro Pozo, Dpto Jiménez, Santiago del Estero; domicilio en Gestión ""El Palomar - Dpto Gimenez"" coincide; la localidad cargada es la provincia; 69 km desde Nortedigital ratio 1.11"	OK	alta
g5_infomac_noa	INFOMAC	8f1068c7-7d7b-46ce-8ff7-139904845dc4	Transportes La Sevillanita	Santiago del Estero	SANTIAGO DEL ESTERO	KM_CON_PIN_SOSPECHOSO falso positivo	"reverse -27.7422159,-64.3082498 = Mal Paso, Santiago del Estero, sobre RN9 (domicilio ""Ruta 9 km 1141 Bº Autonomía""); el geocode de Gestión (-27.8357,-64.2810) es el que está mal"	OK	alta
g5_infomac_noa	INFOMAC	c5e83852-a21f-4a21-9716-41b07ae562f3	Banco Santander Río	151 - SGO.DEL ESTERO	SANTIAGO DEL ESTERO	KM_CON_PIN_SOSPECHOSO falso positivo	pin a 0.2 km del centro de Sgo del Estero, ratio 1.44; el geocode de Gestión (-28.19,-63.58) cae en el centro de la provincia	OK	media
g5_infomac_noa	INFOMAC	7f7fb8b0-f972-4b10-b80f-82ae56438afe	Salta Refrescos (Región Este)	Goya	GOYA	KM_CON_PIN_SOSPECHOSO falso positivo	pin a 0.1 km del centro de Goya, ratio 1.25; el geocode de Gestión cae en Curuzú Cuatiá	OK	media
g5_infomac_noa	INFOMAC	b6307440-f542-4721-ab8f-5b29843e999e	Plastiferro	Villa Mercedes	VILLA MERCEDES	ratio 2.04 (9.171 km vs 4.5 recta)	route base Villa Mercedes -> pin = 9.2 km: rodeo real por Ruta 7	OK	alta
g5_infomac_noa	SM TUCUMAN	dc388830-87f7-490d-ae19-175d708b8c2c	AGS - Agrosalta / Efectivo Si Tucumán	Tucuman / EFECTIVO SI - Tucuman	SAN MIGUEL DE TUCUMAN	ratio > 2.2 en dc388830 (2.35) y 6bdb009f (2.38)	distancias < 3.5 km dentro del microcentro: el ratio no dice nada con recta 0.4-1.4 km	OK	alta
g5_infomac_noa	INFOMAC	7b7eeb26-95b9-4c63-bab8-605220c79a62	PLASTIFERRO	Villa Mercedes	VILLA MERCEDES	"DUP_SIGES/DUP_NOMBRE 1650: 7b7eeb26 ""PLASTIFERRO"" (vacía) y b6307440 ""Plastiferro"" (9.171 km medidos), mismo pin"	"cobertura_incidentes busca ""PLASTIFERRO|Villa Mercedes"" (nombre Siges, mayúsculas); ambas matchean por lower(); conservar la que tiene el nombre exacto de Siges y medirle el km (mismo pin -33.6475158,-65.4492747)"	ARCHIVAR b6307440-f542-4721-ab8f-5b29843e999e	alta
g5_infomac_noa	INFOMAC	7b7eeb26-95b9-4c63-bab8-605220c79a62	PLASTIFERRO	Villa Mercedes	VILLA MERCEDES	fila conservada sin km	route base -> pin = 9.2 km (igual a la archivada); 0 facturable bajo umbral	RECALCULAR_KM	alta
g5_infomac_noa	INFOMAC	3201fb10-c8ba-4e2b-b1fe-f6ea004fb972	Banco Credicoop	238 - General Roca	GENERAL ROCA	"sede SPST 7208 ""Infomac"" (SPST Infomac - Gral. Roca/Neuquén) geolocalizada en Mainqué, 23 km al este de Gral. Roca; 4 filas de Gral. Roca (3201fb10, ffb85218, d4569f9d, 8bc5b543) miden ~25 km ida = 49-52 facturables"	reverse -39.0643776,-67.3077041 = Mainqué, Dpto General Roca. Si la sede real está en Gral. Roca ciudad, esas 4 filas pasan a ~3 km (0 facturable); si el técnico vive en Mainqué, están bien. También 1f2539db (Ing. Huergo 8.2 km) y b63ab824 (Cervantes) dependen de esa sede	TL	media
g5_infomac_noa	INFOMAC	b75c94a4-9711-4bc6-a489-91be889dc463	Banco Credicoop	132 - Cipolletti	CIPOLLETTI	negociada 89.1 km (≈45 ida) = viaje desde Gral. Roca; hoy la base más cercana es Neuquén (Centeno) a 8 km recta	filas medidas en Cipolletti desde Neuquén: 597c2bd5 12.6 km, bcf8cc3d 10.2 km, ba4d5b98 12.6 km -> ~25 facturables (bajo umbral 30) vs 89 cargado	TL	alta
g5_infomac_noa	INFOMAC	571e5827-3612-4a93-a14e-3121c50b2f26	EDERSA S.A.	CIPOLLETTI - MENGELLE 145	CIPOLLETTI	negociada 87.4 km (≈44 ida) = viaje desde Gral. Roca; hoy la base más cercana es Neuquén (Centeno) a 8 km recta	filas medidas en Cipolletti desde Neuquén: 597c2bd5 12.6 km, bcf8cc3d 10.2 km, ba4d5b98 12.6 km -> ~25 facturables (bajo umbral 30) vs 89 cargado	TL	alta
g5_infomac_noa	INFOMAC	6f1cee1a-9daf-462b-91cd-6f9c475daf2b	EDERSA S.A.	CIPOLLETTI - PERITO MORENO	CIPOLLETTI	negociada 89.0 km (≈44 ida) = viaje desde Gral. Roca; hoy la base más cercana es Neuquén (Centeno) a 8 km recta	filas medidas en Cipolletti desde Neuquén: 597c2bd5 12.6 km, bcf8cc3d 10.2 km, ba4d5b98 12.6 km -> ~25 facturables (bajo umbral 30) vs 89 cargado	TL	alta
g5_infomac_noa	INFOMAC	f6fbd0e6-75ae-4a71-9636-7c979eb49cf1	ISSN	Delegacion ISSN Cipolletti	CIPOLLETTI	negociada 89.6 km (≈45 ida) = viaje desde Gral. Roca; hoy la base más cercana es Neuquén (Centeno) a 8 km recta	filas medidas en Cipolletti desde Neuquén: 597c2bd5 12.6 km, bcf8cc3d 10.2 km, ba4d5b98 12.6 km -> ~25 facturables (bajo umbral 30) vs 89 cargado	TL	alta
g5_infomac_noa	INFOMAC	e94e3ca2-3eb8-47e4-ab29-ba1d9cc22b7c	OCA	CIPOLLETTI	CIPOLLETTI	negociada 89.1 km (≈45 ida) = viaje desde Gral. Roca; hoy la base más cercana es Neuquén (Centeno) a 8 km recta	filas medidas en Cipolletti desde Neuquén: 597c2bd5 12.6 km, bcf8cc3d 10.2 km, ba4d5b98 12.6 km -> ~25 facturables (bajo umbral 30) vs 89 cargado	TL	alta
g5_infomac_noa	INFOMAC	56a24a40-bd48-468f-8d97-bb73b8732520	Banco Santander Río	550 - Centenario Neuquen	NEUQUEN	negociada 127.0 km (≈64 ida) para una sucursal en Neuquén capital; la base Centeno está en Neuquén (2.6 km recta al centro)	las 30+ filas medidas en Neuquén desde Centeno dan 1.8-5.8 km; valor coherente con viaje desde Gral. Roca (~47-63 km)	TL	alta
g5_infomac_noa	INFOMAC	6a18adfa-64f2-4827-b76d-2feb13bcda10	YAGUAR	Neuquén	NEUQUEN	negociada 94.3 km (≈47 ida) para una sucursal en Neuquén capital; la base Centeno está en Neuquén (2.6 km recta al centro)	las 30+ filas medidas en Neuquén desde Centeno dan 1.8-5.8 km; valor coherente con viaje desde Gral. Roca (~47-63 km)	TL	alta
g5_infomac_noa	INFOMAC	6bba5733-3b6d-4a76-8d33-25b0775dea54	Banco Credicoop	168 - Centenario	CENTENARIO	negociada 128.0 km (≈64 ida) = viaje desde Gral. Roca; base Neuquén a 12.5 km recta	route base Neuquén (-38.9389721,-68.083573) -> Centenario (centroide -38.8301384,-68.1215201) = 14.6 km ida -> ~29 facturables (umbral 30) vs 117-128	TL	alta
g5_infomac_noa	INFOMAC	f3aba774-f5a0-481e-9e17-eafc59834a9d	Calico	Neuquen	CENTENARIO	negociada 117.0 km (≈58 ida) = viaje desde Gral. Roca; base Neuquén a 12.5 km recta	route base Neuquén (-38.9389721,-68.083573) -> Centenario (centroide -38.8301384,-68.1215201) = 14.6 km ida -> ~29 facturables (umbral 30) vs 117-128	TL	alta
g5_infomac_noa	INFOMAC	1ff3c753-0a07-419c-9e6c-7d675384c1e1	Fargo	Oficina Bimbo - Calico - Centenario	CENTENARIO	negociada 128.0 km (≈64 ida) = viaje desde Gral. Roca; base Neuquén a 12.5 km recta	route base Neuquén (-38.9389721,-68.083573) -> Centenario (centroide -38.8301384,-68.1215201) = 14.6 km ida -> ~29 facturables (umbral 30) vs 117-128	TL	alta
g5_infomac_noa	INFOMAC	75b60eef-ac62-4f13-98a4-c10ce4130ca7	ISSN	Delegacion ISSN Centenario	CENTENARIO	negociada 128.0 km (≈64 ida) = viaje desde Gral. Roca; base Neuquén a 12.5 km recta	route base Neuquén (-38.9389721,-68.083573) -> Centenario (centroide -38.8301384,-68.1215201) = 14.6 km ida -> ~29 facturables (umbral 30) vs 117-128	TL	alta
g5_infomac_noa	INFOMAC	f508d109-8faa-490c-80cd-b3b5bce34010	DADA LOGISTICA	CINCO SALTOS	CINCO SALTOS	negociada 118.0 km (59 ida) = viaje desde Gral. Roca; base Neuquén a 12.5 km recta	route base Neuquén -> Cinco Saltos (centroide -38.8275693,-68.0661786) = 20.5 km ida -> ~41 facturables vs 118	TL	alta
g5_infomac_noa	INFOMAC	02b5e7fe-2807-4431-becf-7f88a33118b3	EDERSA S.A.	CINCO SALTOS	CINCO SALTOS	negociada 118.0 km (59 ida) = viaje desde Gral. Roca; base Neuquén a 12.5 km recta	route base Neuquén -> Cinco Saltos (centroide -38.8275693,-68.0661786) = 20.5 km ida -> ~41 facturables vs 118	TL	alta
g5_infomac_noa	INFOMAC	2f2932d7-f9ac-461e-bdfd-afa30a586114	ISSN	Delegacion ISSN Plottier	PLOTTIER	negociada 127 km (63.5 ida) = viaje desde Gral. Roca; base Neuquén a 12.5 km recta	fila medida en Plottier desde Neuquén: 21222eee Credicoop 259 = 14.9 km ida (~30 facturables)	TL	alta
g5_infomac_noa	INFOMAC	f0309cb3-a6d9-4fef-898b-a5a8de9307b5	Banco Credicoop	254 - Cutral Co	CUTRAL CO	"negociada 331.0 km (≈166 ida) = viaje desde Gral. Roca; hoy hay sede SPST ""Infomac- Yohana Romero"" en Cutral Co (0.6 km recta)"	fila medida en Cutral Co desde esa sede: 6e68771d Sindicato Petróleo Delegación Cutral Co = 1.0 km ida (0 facturable)	TL	alta
g5_infomac_noa	INFOMAC	6fe85bb7-48d6-418c-a696-1f60b2c083a0	Diarco	Cutral Co	CUTRAL CO	"negociada 336.0 km (≈168 ida) = viaje desde Gral. Roca; hoy hay sede SPST ""Infomac- Yohana Romero"" en Cutral Co (0.6 km recta)"	fila medida en Cutral Co desde esa sede: 6e68771d Sindicato Petróleo Delegación Cutral Co = 1.0 km ida (0 facturable)	TL	alta
g5_infomac_noa	INFOMAC	fc96b7f6-5e7e-4a55-8b88-484dc6a34f0c	ISSN	Delegacion ISSN Cutral Co	CUTRAL CO	"negociada 331.0 km (≈166 ida) = viaje desde Gral. Roca; hoy hay sede SPST ""Infomac- Yohana Romero"" en Cutral Co (0.6 km recta)"	fila medida en Cutral Co desde esa sede: 6e68771d Sindicato Petróleo Delegación Cutral Co = 1.0 km ida (0 facturable)	TL	alta
g5_infomac_noa	INFOMAC	1d8e815a-d6e7-493e-9a72-b810cabcf6aa	OCA	CUTRAL-CO	CUTRAL CO	"negociada 330.0 km (≈165 ida) = viaje desde Gral. Roca; hoy hay sede SPST ""Infomac- Yohana Romero"" en Cutral Co (0.6 km recta)"	fila medida en Cutral Co desde esa sede: 6e68771d Sindicato Petróleo Delegación Cutral Co = 1.0 km ida (0 facturable)	TL	alta
g5_infomac_noa	INFOMAC	d9d48b0f-b5ad-4166-87cf-f58e76a1d88b	SINDICATO DE PETROLEO Y GAS	Sanatorio Plaza Huincul Petroleros Privados	PLAZA HUINCUL	negociada 324 km (162 ida) = viaje desde Gral. Roca; sede Cutral Co a 3.2 km recta	Plaza Huincul es conurbano de Cutral Co; desde la sede Yohana Romero son < 6 km ida (0 facturable) vs 324; 20 incidentes desde 2026-03, es la de mayor impacto	TL	alta
g5_infomac_noa	INFOMAC	80ce1b67-75e0-4dd8-8afb-df9129546f3d	EDERSA S.A.	CHOELE CHOEL	CHOELE CHOEL	"negociada 361 km (180 ida) = viaje desde Gral. Roca; hoy hay sede SPST ""Infomac Choele Choel - Fernando Chirino"" a 0.9 km recta"	sede 14011 en -39.2863465,-65.6569313 vs centroide Choele Choel -39.2932355,-65.6615828 (0.9 km); local -> 0 facturable vs 361	TL	alta
g5_infomac_noa	INFOMAC	d656762b-1be5-48d0-9385-5a4882c3e416	EDERSA S.A.	VILLA REGINA	VILLA REGINA	negociada 90.3 km (45 ida) = viaje desde Gral. Roca ciudad; sede Infomac 7208 (Mainqué) a 19.6 km recta	route sede 7208 (-39.0643776,-67.3077041) -> Villa Regina (centroide) = 21.6 km ida	TL	media
g5_infomac_noa	INFOMAC	f66df0aa-ba2a-4424-8da6-8651a935bb99	EDERSA S.A.	GRAL. ROCA	GENERAL ROCA	negociada 90.1 km (45 ida) para Gral. Roca = viaje desde Neuquén; las 4 filas medidas en Gral. Roca desde la sede 7208 dan ~25 km ida (≈51 facturables)	coherente con Neuquén->Gral. Roca (~47 km) y no con la sede local; ver hallazgo sede 7208	TL	media
g5_infomac_noa	INFOMAC	b63ab824-d1cc-49bc-bb62-7babba8421b6	EDERSA S.A.	CERVANTES	CERVANTES	negociada 36.7 km (18 ida) vs 7.5 km recta desde sede 7208 (Mainqué); pin de Gestión 36.778261,-119.417932 (California, PIN_FUERA_AR)	"sin impacto (negociada, no se mide); corregir el pin en Gestión; geocode -39.0557574,-67.3920458 ""C. Chaco, Cervantes"""	GESTION	baja
g5_infomac_noa	INFOMAC	b5d9de6b-1f85-4e82-a050-2f44bb44f9db	OCA	Zapala	ZAPALA	negociada 482 km (241 ida) = viaje desde Gral. Roca; las otras dos de Zapala (81c683b1 Diarco 149, d4d63e70 ISSN 151) ya están negociadas desde Cutral Co (72 km recta)	route sede Cutral Co (-38.9418367,-69.234033) -> Zapala (centroide) = 76.1 km ida; 149-151 es coherente con eso, 482 no	TL	alta
g5_infomac_noa	INFOMAC	a477d2dc-9bf3-4018-89e2-4128f111a302	Diarco	Junín de los Andes	JUNIN DE LOS ANDES	"negociada 457 km (228 ida) = viaje desde Bariloche; hoy hay sede SPST ""Infomac - Javier Lizaso"" en San Martín de los Andes a 28 km recta"	route sede Lizaso (-40.1343086,-71.2939214) -> Junín de los Andes (centroide) = 35.6 km ida -> ~71 facturables vs 457	TL	alta
g5_infomac_noa	INFOMAC	645640da-931d-41cf-8c85-c094e56e15a7	ISSN	Hotel ISSN San Martin De Los Andes	SAN MARTIN DE LOS ANDES	negociada 369 km (184 ida) = viaje desde Bariloche; sede Lizaso está en SMA (5.6 km recta)	fila medida en SMA desde Lizaso: a3aebad1 Delegación ISSN SMA = 6.6 km ida (0 facturable) vs 369	TL	alta
g5_infomac_noa	INFOMAC	70b26a5f-7332-48fb-bc1d-1641010d6ba2	Diarco	Trenque Lauquen	TRENQUE LAUQUEN	"negociada 166 km (83 ida) = viaje desde Pehuajó; hoy hay sede SPST ""Alberto Suarez"" en Trenque Lauquen (1.1 km recta)"	filas medidas en Trenque Lauquen desde esa sede: 0d4294e0 2.0 km, e94e4ab7 1.3 km, e2e0b9b1 4.2 km (0 facturable) vs 166; 7 incidentes desde 2026-03	TL	alta
g5_infomac_noa	INFOMAC	c6302055-9ff6-4a5c-925e-b307a1ab0bcd	Compañía Introductora 2019	Planta Macachin	MACACHIN	"negociada 225 km (112 ida) = viaje desde Santa Rosa; hoy hay sede SPST ""Infomac - Luciano De Rose"" en Macachín (0.0 km recta)"	sede 11862 en -37.1371217,-63.6670689 = centroide de Macachín; local -> 0 facturable vs 225; 7 incidentes desde 2026-03	TL	alta
g5_infomac_noa	INFOMAC	c8ae4f9c-c49a-4080-8ab4-9b6267781753	Central Puerto	HPDA (base Piedra del Águila)	PIEDRA DEL AGUILA	negociada 564 km (282 ida) = viaje desde Gral. Roca; SIN_SIGES_ID; desde Neuquén son ~230 km y desde la sede Lizaso (SMA, 104 km recta) ~150	"no verificado con route (planta a 25 km al oeste del pueblo); ver también hallazgo de cobertura ""Piedra del Águila|HPDA (base Piedra del Águila)"""	TL	baja
g5_infomac_noa	SM TUCUMAN	63cd33dc-5f69-4507-a96d-8da8233e8272	Citrusvil S.A.	Finca San Rafael	LULES	NEGOCIADO_MENOR_QUE_LINEA_RECTA: 19 km (9.5 ida) < 15.4 km recta Nortedigital->Lules; pin de Gestión -27.1254784,-65.4698042 a 35 km al sur de Lules	"observación de la fila: ""Mudan el equipo a central"" -> probablemente el km corresponde a la central en SMT, no a la finca; confirmar con la TL"	TL	media
g5_infomac_noa	SM TUCUMAN	66d29d82-08f9-4cd1-aed6-6c7f591172e8	Distribuidora Metropolitana / Salta Refrescos (Región Sur)	Tucumán / San Miguel De Tucuman	SAN MIGUEL DE TUCUMAN	NEGOCIADO_MUY_SUPERIOR (>3x recta) en 66d29d82 (20 km) y f12e42ae (11.8 km)	el centroide es el centro de la ciudad (1.5 km); 6-10 km ida es normal para el conurbano de SMT y queda bajo umbral	OK	media
g5_infomac_noa	SM TUCUMAN	a9de3969-7b50-4923-baf5-2684fe00815d	Transportes La Sevillanita	Los Nogales - Tucumán	LOS NOGALES	pin de Gestión -32.7887007,-61.5199228 (Santa Fe), 754 km del geocode	negociada 30.9 km, no se mide -> sin impacto; corregir pin en Gestión (geocode RN9, Tucumán -26.7919359,-65.1742825)	GESTION	baja
g5_infomac_noa	INFOMAC	6bba5733-3b6d-4a76-8d33-25b0775dea54	Banco Credicoop	168 - Centenario	CENTENARIO	pin de Gestión = centroide de Argentina (-38.416097,-63.6166719)	"negociada, no se mide -> sin impacto hoy; geocode de Gestión -38.8184856,-68.1526164 ""B. Quinquela Martín 350, Centenario"" es válido; mismo patrón que AMI MUSIC y OCA Deposito Tucuman"	GESTION	baja
g5_infomac_noa	INFOMAC	1caabc25-57f3-4136-9abe-8ffe6218d70b	Aerolineas Argentinas	Aeropuerto de Bariloche	SAN CARLOS DE BARILOCHE	NEGOCIADO_MUY_SUPERIOR (41.9 km vs 4.1 recta al centroide) falso positivo	el aeropuerto está 14 km al este de la ciudad: search = Aeropuerto Tte. Luis Candelaria way/136299057 (-41.1525644,-71.1545585); route sede Tecnoptimus -> aeropuerto = 19.6 km ida	OK	alta
g5_infomac_noa	INFOMAC	8e6a7cc5-2941-4127-9e6e-583d95a81019	ARCA - DIRECCION REGIONAL JUNIN	DISTRITO GENERAL PICO	GENERAL PICO	negociada 286 km (143 ida): coherente con viaje desde Santa Rosa	route sede Wilberger (Santa Rosa) -> General Pico = 143.0 km ida; la sede Alberto Suarez (Trenque Lauquen) está a 99 km recta pero no cambia el orden de magnitud	OK	alta
g5_infomac_noa	INFOMAC	127dd333-d231-4a61-991d-87cda1dfded5	Arcos Dorados (Mc Donalds)	SDE  Santiago del estero (61)	SANTIAGO DEL ESTERO	"par con incidentes (2, último 2026-08) sin fila activa: la fila existe archivada con nombre ""SDE – Santiago del estero (61)"" (guion largo); los incidentes llegan con doble espacio (el guion se pierde)"	tabla_km.csv: 127dd333 archivada=t, Siges 8482, pin -27.791611,-64.2844719, 7.201 km ida ya medidos; api Siges muestra el nombre con guion largo -> el motor no matchea por lower(trim())	"RENOMBRAR 127dd333-d231-4a61-991d-87cda1dfded5 a ""Arcos Dorados (Mc Donalds)|SDE  Santiago del estero (61)"" (y desarchivar; si el nombre real del incidente conserva el guion, alcanza con desarchivar)"	media
g5_infomac_noa	LA RIOJA	79afb21c-a181-4cbb-9af4-a1dc7308466f	Salta Refrescos (Región Sur)	CEDI La Rioja  Oficinas Comerciales	LA RIOJA	"par con incidentes (4, último 2026-08) sin fila activa: fila archivada ""CEDI La Rioja – Oficinas Comerciales"" (guion largo, Siges 9829, 6.423 km medidos)"	mismo patrón guion largo vs doble espacio que Arcos Dorados SDE	"RENOMBRAR 79afb21c-a181-4cbb-9af4-a1dc7308466f a ""Salta Refrescos (Región Sur)|CEDI La Rioja  Oficinas Comerciales"" (y desarchivar)"	media
g5_infomac_noa	INFOMAC		Piedra del Águila	HPDA (base Piedra del Águila)	PIEDRA DEL AGUILA	"par con 5 incidentes (2 con km, último 2026-05) sin fila: solo existe con empresa ""Central Puerto"" (c8ae4f9c, negociada 564, sin Siges); en Siges tampoco hay sucursal con ese nombre para ""Piedra del Águila"""	"api Siges INFOMAC: ""Central Puerto|HPDA (base Neuquen)"" 8983 y ""Piedra del Águila|HPDA (base Neuquen)"" 14379; la planta no figura"	"CREAR_FILA ""Piedra del Águila|HPDA (base Piedra del Águila)"" + TRASLADAR_KM 564 desde c8ae4f9c-c49a-4080-8ab4-9b6267781753 (o renombrar la empresa de c8ae4f9c si Central Puerto ya no manda incidentes)"	media
g5_infomac_noa	INFOMAC		ISSN	Delegacion ISSN Mariano Moreno	MARIANO MORENO	par con 1 incidente con km (2026-05) sin fila; no aparece en la lista de sucursales Siges de INFOMAC (api) ni en tabla_km	"Mariano Moreno (Neuquén) está a ~30 km de Zapala; la fila más parecida es ""Delegacion ISSN Zapala"" (negociada 151); posible ex-cliente"	CREAR_FILA	baja
g5_infomac_noa	INFOMAC		Nutrien	French - Bs. As.	FRENCH	par con 1 incidente con km (2026-07) sin fila; no aparece en sucursales Siges de INFOMAC ni en tabla_km	French (Partido 9 de Julio) queda a ~40 km de 9 de Julio; base más cercana Zoiranes (Junín) / Azzad (Pehuajó); posible ex-cliente	CREAR_FILA	baja
g5_infomac_noa	SM TUCUMAN		Hospital Angel Padilla	Hospital Angel Padilla	SAN MIGUEL DE TUCUMAN	par con 2 incidentes (último 2026-03) sin fila en SM TUCUMAN	Siges 10789 está asignada a TUCUMAN (fila d2ac8b4e, 50 incidentes): cambio de prestador, los 2 incidentes son anteriores	OK	media
g5_infomac_noa	SM TUCUMAN		OCA	TUCUMAN	SAN MIGUEL DE TUCUMAN	par con 1 incidente con km (2026-07) sin fila en SM TUCUMAN	"Siges 4016 ""OCA|TUCUMAN"" está asignada a TUCUMAN (fila 25c48e52, 8.3 km); si SM TUCUMAN sigue atendiendo OCA hace falta fila"	TL	baja
g5_infomac_noa	TUCUMAN		Aerolineas Argentinas	Aeropuerto de Tucuman	SAN MIGUEL DE TUCUMAN	par con 5 incidentes (1 con km, último 2026-05) sin fila en TUCUMAN	Siges 8390 está asignada a SM TUCUMAN (fila 68b77705, 4.9 km): cambio de prestador	OK	media
g6_cuyo_salta	MENDOZA	3a8a0dab-04d9-40c8-9e45-4a1b36657ef4	Aerolineas Argentinas	AEROPUERTO MENDOZA	MENDOZA	pin de Gestión a -34.5520,-69.1808 (190 km al sur, dpto San Carlos); ida 197.57 / fact 393.161 mal	search 'Aeropuerto Internacional El Plumerillo' -> Aeropuerto Int. Gobernador Francisco Gabrielli, RN40, El Resguardo, Las Heras -32.8318687,-68.7954466 (way/240889868); route base Diego Piriz -> aeropuerto = 5.8 km ida (bajo umbral 30)	PIN_MANUAL -32.8318687,-68.7954466 fuente=https://www.openstreetmap.org/way/240889868	alta
g6_cuyo_salta	MENDOZA	325002a2-ff07-4b2d-abf1-8d9656515982	Aerolineas Argentinas	MDZ - Mendoza	MENDOZA	KM_CON_PIN_SOSPECHOSO falso positivo: el geocode de 'Sarmiento 82' cayó en Tupungato, el pin está bien	reverse -32.8905995,-68.8404758 -> Ciudad de Mendoza, Área Fundacional (Capital); 0.4 km del centroide; ida 5.07 km coherente	OK	alta
g6_cuyo_salta	MENDOZA	607db35d-d826-4598-aced-74ee115cb411	Galeno - COLONOS	Centro Medico Mendoza- ART	MENDOZA	KM_CON_PIN_SOSPECHOSO falso positivo: geocode de 'San Lorenzo 134' fue a Tupungato; pin en Ciudad de Mendoza	reverse -32.8935393,-68.8419528 -> Ciudad de Mendoza, Sección 4ª/Área Fundacional; ida 5.835 coherente (recta 4.6)	OK	alta
g6_cuyo_salta	MENDOZA	617ef0fe-08c6-4e15-9b7b-dbb30463e975	Galeno - COLONOS	Centro Medico Mendoza- ART	MENDOZA	DUP_NOMBRE: dos sucursales Siges (4030 y 7117) con nombre y domicilio idénticos, ambas con km 5.835 / fact 0	api.json: 4030 domicilio 'San Lorenzo 134 Piso:  Dpto:' y 7117 'San Lorenzo 134', ambas actividadReciente=true, pin idéntico (-32.8935,-68.8420 / -32.8937,-68.8420); cobertura: 4 incidentes 'Centro Medico Mendoza- ART'. Valores iguales, archivar cualquiera no cambia facturación; conservar 607db35d (siges 4030)	ARCHIVAR 617ef0fe-08c6-4e15-9b7b-dbb30463e975	media
g6_cuyo_salta	MENDOZA	5a6c9b0a-70ef-420a-bea4-c8157ec6dad0	Manpower	Lujan de Cuyo	LUJAN DE CUYO	DUP_NOMBRE falso positivo: 'Lujan de Cuyo' (siges 4584, San Martin 627) y 'Luján de Cuyo' (siges 11477, Balcarce 218) son sucursales Siges distintas; el motor compara nombre exacto y el acento las separa	duplicados.tsv: siges 4584 vs 11477, domicilios distintos; conservar las dos	OK	media
g6_cuyo_salta	MENDOZA	0f5cd448-b5a6-470d-a409-ea3a541037d3	Manpower	Luján de Cuyo	LUJAN DE CUYO	pin de Gestión en Chacras de Coria, 5 km del domicilio 'Balcarce 218' (Ciudad de Luján de Cuyo); ida 19.137 vs ~23.7 del otro local de Manpower a 300 m	reverse -32.9934519,-68.8869352 -> Distrito Chacras de Coria; search 'Balcarce 218, Luján de Cuyo' -> único resultado 218 Antonio González Balcarce, Ciudad de Luján de Cuyo -33.0392210,-68.8773321 (way/1364586246, ROOFTOP)	PIN_MANUAL -33.0392210,-68.8773321 fuente=https://www.openstreetmap.org/way/1364586246	media
g6_cuyo_salta	MENDOZA	2f7c3852-389f-420c-8af6-9bc4acbcea1a	Molino Cañuelas	Depósito Mendoza	LAS HERAS	provincia 'Córdoba' en Gestión está mal (Las Heras es Mendoza); dist_pin_a_localidad 458 km es falso positivo del centroide; pin y km correctos	reverse -32.8792985,-68.8187881 -> Distrito Pedro Molina, Guaymallén (límite con Las Heras), 1.9 km recta de la base; ida 2.368 coherente	GESTION	media
g6_cuyo_salta	MENDOZA	c22929aa-e9e6-4b4f-9c36-61d65e880487	Nefra	FME Mendoza I	MENDOZA	KM_CON_PIN_SOSPECHOSO falso positivo: geocode de 'Av. San Martín 519' fue a Malargüe; pin en Ciudad de Mendoza	reverse -32.8975,-68.8409 -> Ciudad de Mendoza, Sección 2ª Barrio Cívico; 1.0 km del centroide; ida 5.666 (recta 4.8)	OK	alta
g6_cuyo_salta	MENDOZA	73317cad-001a-4090-8f0b-5cfe67abc69b	Peñaflor	Bodega Gualtallary	GUALTALLARY	pin de Gestión -38.4161,-63.6167 = centroide de Argentina (775 km); fila vacía (sin km), no se puede medir	search 'La Estancia, Gualtallary, Tupungato' -> La Estancia Silva, El Peral, Distrito Gualtallary -33.3900023,-69.1970254 (way/1311939046, calle, sin número); route base -> ahí = 104.3 km ida. Ojo: 'Bodega BEW' (1f588165, negociada 177 = 88.5 ida) tiene el mismo domicilio 'La Estancia S/N' Tupungato; TL confirma si es el mismo predio	PIN_MANUAL -33.3900023,-69.1970254 fuente=https://www.openstreetmap.org/way/1311939046	media
g6_cuyo_salta	SALTA	375dcaed-0c32-4371-8b28-0df65a1a3049	FLY SEG	SLA - Salta	SALTA	geocode local de 'Ruta Nacional 51' cayó en San Antonio de los Cobres (-24.2158,-66.2806, 157 km); SLA = aeropuerto de Salta; ida 157.346 / fact 316.494 mal	search 'Aeropuerto Martín Miguel de Güemes, Salta' -> Aeropuerto Internacional de Salta, Av. Ricardo Balbín, Capital -24.8595387,-65.4881531 (relation/8955457); route base InterNet -> aeropuerto = 9.2 km ida (bajo umbral); fila 'Aeropuerto Salta' de Aerolíneas (d87f958f) mide 8.95 km al mismo lugar	PIN_MANUAL -24.8595387,-65.4881531 fuente=https://www.openstreetmap.org/relation/8955457	alta
g6_cuyo_salta	SALTA	afc5337a-980d-4ca9-8c4c-9c9d246cf21a	PERFUDDL RINO S.A	Salta - Deposito	SALTA	"geocode local de ""O'Higgins 1646"" cayó en Prof. Salvador Mazza (-22.0501,-63.6847, 407 km de Salta capital); ida 407.486 / fact 813.85 mal"	"search ""O'Higgins 1646, Salta, Salta"" -> 1646 Bernardo O'Higgins, Barrio 20 de Febrero, Salta Capital -24.7751307,-65.4241158 (way/202493678, con número); route base -> ahí = 6.9 km ida (bajo umbral)"	PIN_MANUAL -24.7751307,-65.4241158 fuente=https://www.openstreetmap.org/way/202493678	alta
g6_cuyo_salta	SALTA	98096305-f63e-4fa9-9dd7-a249a0754167	PERFUDDL RINO S.A	Salta I	SALTA	geocode local de 'Alberdi 273' cayó en Tartagal (-22.5173,-63.8044, 354 km); ida 353.593 / fact 705.92 mal	search 'Alberdi 273, Salta, Salta' -> 273 Peatonal Juan Bautista Alberdi, Salta Capital -24.7931780,-65.4112868 (way/202496561, con número); route base -> ahí = 4.4 km ida (bajo umbral); coherente con 'Salta II' Florida 277 (pin Siges a 0.5 km)	PIN_MANUAL -24.7931780,-65.4112868 fuente=https://www.openstreetmap.org/way/202496561	alta
g6_cuyo_salta	SALTA	2ce82896-c8c8-4275-83ef-068c093bd173	Refinor	Piedras	RIO DE LAS PIEDRAS	geocode local de 'Ruta Nacional 9 Km 1471, Río de las Piedras' cayó en Salta capital (-24.8234,-65.4030, 4.5 km); la planta está en Río Piedras (Metán), 71 km del pin declarado; fact 0 debería ser ~242	search 'Río Piedras, Metán, Salta' -> Río Piedras, Municipio de Río Piedras, San José de Metán -25.3142011,-64.9103052 (node/1478728207, pueblo; la planta sobre RN9 no está en OSM); route base -> pueblo = 121.0 km ida	PIN_MANUAL -25.3142011,-64.9103052 fuente=https://www.openstreetmap.org/node/1478728207	media
g6_cuyo_salta	SAN LUIS	9555ca23-3d6b-4cc9-b060-399ac22bc9eb	Cartocor	Suc. Zucamor San Luis	SAN LUIS	pin de Gestión -33.8769,-66.2367 en zona rural 70 km al sur de San Luis, lejos de la Ruta 7 (que pasa por lat -33.3); geocode de Gestión apunta a Almafuerte, Villa Mercedes; ida 117 / fact 233.9 dudoso	reverse -33.8769018,-66.2367172 -> solo 'Juan Martín de Pueyrredón, San Luis' (sin localidad); search 'Cartocor, San Luis' / 'Zucamor, San Luis' / 'Zucamor Cuyo, Villa Mercedes' sin resultados en OSM. Domicilio 'Ruta 7' sin km; si la planta está en Villa Mercedes la ida ronda 95-100 km	GESTION	media
g6_cuyo_salta	SAN LUIS	3607183d-f4e8-4f73-aca9-7520ca384859	CORVEN	SAN LUIS	SAN LUIS	KM_CON_PIN_SOSPECHOSO falso positivo: el geocode es APPROXIMATE (provincia); el pin cae en el Parque Industrial Norte, coherente con 'RN 7 Km 791'	reverse -33.3169808,-66.3739561 -> Parque Industrial Norte, San Luis (relation/19369526); ida 17.454 (recta 12.4, ratio 1.41)	OK	alta
g6_cuyo_salta	SALTA	8004fc1a-5f87-4391-af3e-78b61d488c34	Sales de Jujuy	Salar de Olaroz	SUSQUES	dist_pin_a_localidad 46 km es esperable: la planta está en el salar, no en el pueblo de Susques; ratio 1.95 es la ruta real por Purmamarca/RN52	reverse -23.5937744,-66.7717223 -> Municipio de Susques, Jujuy; route base -> pin = 376.7 km ida = cargado 376.689	OK	alta
g6_cuyo_salta	SALTA	b2bf22ff-73e6-44b3-b719-c778ac854e26	Dia %	Tienda 0821 Joaquín V. Gonzales	JOAQUIN V GONZALEZ	dist_pin_a_localidad 95 km falso positivo: el centroide OSM cayó en una calle 'Joaquín V. González' de San Lorenzo; el pin está en J.V. González (Anta)	reverse -25.1142413,-64.1209532 -> Municipio de Joaquín V. González, Anta, Salta (relation/7235783); route base -> pin = 226.7 km ida = cargado 226.733	OK	alta
g6_cuyo_salta	SALTA	94647788-7ca0-48ca-8b3e-79016bab5235	Salta Refrescos (Región Norte)	J.V. González	JOAQUIN V GONZALEZ	dist_pin_a_localidad 95 km falso positivo (mismo centroide errado que Dia 0821); pin a 400 m del de Dia 0821, en J.V. González	route base -> pin Dia 0821 (a 0.4 km) = 226.7 km; cargado 226.147, coherente	OK	alta
g6_cuyo_salta	SAN RAFAEL	8a8fb8d5-f5a7-47e4-a7af-5fd6622b2a54	GENNEIA S.A.	SAN RAFAEL	SAN RAFAEL	dist_pin_a_localidad 63 km falso positivo: localidad 'SAN RAFAEL' es el departamento; el Parque Solar Agua del Toro está en el distrito 25 de Mayo, donde cae el pin	reverse -34.566126,-69.018054 -> Distrito Veinticinco de Mayo, Departamento San Rafael (relation/3011839); ratio 1.36 normal; ida 85.775 no verificada con route	OK	media
g6_cuyo_salta	JUJUY	0193fd1f-e914-4324-9174-520618c7eea2	Galeno - COLONOS	Inhouse Para Ingenio Ledesma	LIB GRAL SAN MARTIN	pin de Gestión -34.5605,-58.5658 (Gran Buenos Aires, ~1.300 km); fila vacía (sin km)	search 'Herminio Arrieta 18, Libertador General San Martín, Jujuy' -> calle Herminio Arrieta, 40 Hectáreas, Libertador Gral. San Martín -23.8107037,-64.7905289 (way/526334715; número 18 no resuelto, hay otra calle homónima en Ledesma a 2 km)	PIN_MANUAL -23.8107037,-64.7905289 fuente=https://www.openstreetmap.org/way/526334715	media
g6_cuyo_salta	SALTA	3b3bd289-8c08-4278-ad33-a1df45d08d07	Galeno - COLONOS	Sucursal Salta - ART Urquiza	BARRIO LA LOMA	pin de Gestión -34.5709,-58.4887 (Gran Buenos Aires, ~1.300 km); fila vacía (sin km)	search 'Urquiza 464, Salta, Salta' -> 464 Justo José de Urquiza, Barrio Don Bosco, Salta Capital -24.7924700,-65.4094002 (way/202496338, con número); ~3 km de la base (bajo umbral)	PIN_MANUAL -24.7924700,-65.4094002 fuente=https://www.openstreetmap.org/way/202496338	alta
g6_cuyo_salta	SALTA		Refinor	Campo Duran	CAMPO DURAN	cobertura fila_activa=f: 20 incidentes (2 con km) desde 2026-03 sin fila; la sucursal 'Campo Duran' NO existe en las sucursales Siges de SALTA (api.json sin 'Campo Dur'), solo Guemes/Piedras/Urundel	search 'Campo Durán, Salta' -> Campo Durán, Municipio de Aguaray, Gral. San Martín -22.1998311,-63.6756261 (node/198441591; la refinería de Refinor está en ese paraje); route base -> Campo Durán = 397.0 km ida (~794 facturable). Hace falta alta de la sucursal en Siges/Gestión con ese pin y luego la fila	CREAR_FILA	media
g6_cuyo_salta	SAN RAFAEL		Pernod Ricard	Bodega Mumm (San Rafael)	LAS PAREDES	cobertura fila_activa=f: 1 incidente 2026-03; existe en Siges (id 8888, LAS PAREDES, Mendoza, yaCargada=false) con pin 36.7783,-119.4179 (California, fuera de AR)	search 'Jensen, Las Paredes, San Rafael' -> calle Jensen, Distrito Las Paredes -34.6017542,-68.4178477 (way/295016509; esquina Sarmiento no resuelta; geocode de Gestión -34.6051,-68.3921); route base AG Fotocopiadoras -> Jensen = 10.9 km ida (bajo umbral 30)	CREAR_FILA	media
g6_cuyo_salta	SALTA	35955d72-91a9-49e6-9add-4868238e6506	Minera del Altiplano	Planta Fénix	ANTOFAGASTA DE LA SIERRA	pin = centro del pueblo Antofagasta de la Sierra (dist 0.0), pero Planta Fénix está en el Salar del Hombre Muerto, ~100 km al norte del pueblo; 14 incidentes con fact 971 km medido al pueblo	search 'Planta Fénix' / 'Minera del Altiplano' sin resultados en OSM; 'Salar del Hombre Muerto' -> relation/6054040 -25.3508535,-67.1414587; route base -> salar = 387.9 km ida vs 485.7 al pueblo. Mismo pin y km en Sal de Vida (81f98e0a). La ruta real a la planta la tiene que dar el prestador	TL	media
g6_cuyo_salta	SALTA	81f98e0a-dd2d-4d91-ad69-2143f1ec09f2	Sal de Vida	Planta Sal de Vida	ANTOFAGASTA DE LA SIERRA	mismo caso que Planta Fénix: pin en el pueblo (idéntico -26.0595658,-67.4064692) y la planta está en el Salar del Hombre Muerto; 10 incidentes, fact 971	route base -> Salar del Hombre Muerto (relation/6054040) = 387.9 km vs 485.7 cargado al pueblo	TL	media
g6_cuyo_salta	SALTA	8fa6e868-fdca-42ec-b7f9-6f7cf7f2f70f	Minera del Altiplano	Oficina Antofagasta de la Sierra	ANTOFAGASTA DE LA SIERRA	ratio 2.0 (485.8 vs recta 242.5) es la ruta real por Belén/RP43; la oficina 'San Martin 5' sí está en el pueblo	route base -> pin (planta Fénix, a 100 m) = 485.7 km = cargado 485.803	OK	alta
g6_cuyo_salta	MENDOZA	264594cf-9b98-47be-adb7-131c5dc20d30	Desarrollos Gastronómicos S.A.	WD112 Mendoza	SAN JOSE DE GUAYMALLEN	KM_MUY_SUPERIOR_A_LINEA_RECTA (x2.31) falso positivo: la ruta a Mendoza Plaza Shopping desde la base rodea por Acceso Este; bajo umbral	route base -> -32.9014375,-68.7992918 = 9.2 km = cargado 9.222	OK	alta
g6_cuyo_salta	MENDOZA	64d9c927-31ea-4d8c-bef9-8f478bb2c1da	Distrinando	Mendoza Shopping (Columbia)	VILLA NUEVA DE GUAYMALLEN	KM_MUY_SUPERIOR_A_LINEA_RECTA (x2.26) falso positivo: mismo edificio (Acceso Este 3280) que WD112, misma ruta; bajo umbral	route a WD112 (a 150 m) = 9.2 km; cargado 9.266	OK	alta
g6_cuyo_salta	SALTA	30d72994-175c-46fe-85c6-5cc09abf1749	Calico	Salta	SALTA	ratio 2.99 falso positivo: 3.6 km de ruta por calles de mano única para 1.2 km recta; bajo umbral	route base -> -24.8209606,-65.4141046 = 3.6 km = cargado 3.585; reverse -> Bº Complejo Arenales, Salta Capital	OK	alta
g6_cuyo_salta	SALTA	9f0b1bdf-5eda-41d1-b2ba-4a6e21c9f568	Dia %	Tienda 1802 Salta	SALTA	ratio 3.48 sobre 0.5 km recta (ida 1.74): efecto de mano única en distancia mínima; bajo umbral, sin impacto	sin consulta (no vale una); pin a 3 km del centroide de Salta capital, coherente con 'José Contreras 1390'	OK	media
g6_cuyo_salta	SALTA	36fe9009-935d-40e8-81d5-ee1395b0c493	Dia %	Tienda 8008 Salta	SALTA	ratio 2.23 sobre 1.9 km recta (ida 4.23): distancia mínima; bajo umbral, sin impacto	sin consulta; pin en Salta capital (3.2 km del centroide)	OK	media
g6_cuyo_salta	JUJUY	b3a4c463-d26e-440b-822c-46f7bcac9c33	OCA	JUJUY	RIO BLANCO	dist_pin_a_localidad 23.7 km: localidad 'RIO BLANCO' en Gestión no coincide con el domicilio 'Senador Pérez 563' (centro de S.S. de Jujuy), donde cae el pin; km 1.8 correcto, bajo umbral	sin consulta; pin -24.1824,-65.3084 a 1.0 km recta de la base Alfredo Espinoza	GESTION	baja
g7_litoral	CORRIENTES	8dc1d787-2ec4-4e38-9094-5f9051ef176d	Diarco	Corrientes	CORRIENTES	pin de Gestión en Goya, 188 km al sur de Corrientes capital	reverse -29.1775469,-58.8564821 = Municipio de Goya; search 'Diarco, Ruta Nacional 12, Corrientes' = way 407082912 -27.4916304,-58.7781197 (shop=supermarket Diarco, Seccional 22da, Corrientes capital)	PIN_MANUAL -27.4916304,-58.7781197 fuente=https://www.openstreetmap.org/way/407082912	alta
g7_litoral	CORRIENTES	8dc1d787-2ec4-4e38-9094-5f9051ef176d	Diarco	Corrientes	CORRIENTES	km medido con el pin de Goya: 197.8 ida cargado vs 5.8 real	route Gaston Medina (-27.5045967,-58.8143088) -> Diarco RN12 (-27.4916304,-58.7781197) = 5.8 km ida (queda bajo umbral 30: facturable 0, hoy factura 395.6)	RECALCULAR_KM	alta
g7_litoral	CORRIENTES	0ab3051d-e7b2-4ec6-9a67-598dfd51ba2e	Natura	Marianela Cabrera	CORRIENTES	flag KM_CON_PIN_SOSPECHOSO: el equivocado es el geocode (Belgrano 1170 resuelto en Esquina), no el pin	reverse -27.4692131,-58.8306349 = Barrio Centro, Seccional 3era, Corrientes capital; ratio 1.16, 0.1 km del centroide	OK	alta
g7_litoral	CORRIENTES	70acda97-1e71-432c-90f8-fe2bffbc0e9f	Natura	SILVINA ROMERO	CORRIENTES	flag KM_CON_PIN_SOSPECHOSO: el geocode (Brasil 1169 en Paso de los Libres) es el equivocado	reverse -27.4717353,-58.8243527 = Barrio Libertad, Seccional 3era, Corrientes capital; ratio 1.17	OK	alta
g7_litoral	CORRIENTES	e50bd20c-9f10-4190-8d44-74d21e19a2e2	Natura	Soledad Arrua	CORRIENTES	flag KM_CON_PIN_SOSPECHOSO: el geocode (Honduras en Goya) es el equivocado	reverse -27.4851147,-58.8232339 = Barrio Union, Seccional 19na, Corrientes capital; ratio 1.17	OK	alta
g7_litoral	CORRIENTES	f3e80dd3-22a7-4c47-b4bc-80bc0f4352f0	Musimundo	GDOR. VIRASORO	GDOR ING V VIRASORO	dist_pin_a_localidad 282.9 km es falso positivo: el centroide OSM resolvió una calle 'Gdor. Ing. V. Virasoro' de Corrientes capital	reverse -28.0543419,-56.0139884 = Gobernador Agrónomo Valentín Virasoro, Municipio de Gobernador Virasoro; ratio 1.17 (328.9 ida / 282.2 recta)	OK	alta
g7_litoral	CORRIENTES	902c5276-c344-479d-bc12-cf89ba98a2f2	Molino Cañuelas	Trigalia - Resistencia		DUP_NOMBRE: dos filas idénticas (60 km negociado, sin siges_id, sin domicilio ni localidad, ambas 2026-08-20 18:07)	duplicados.tsv: 902c5276 y b58726cc iguales. En Siges existe la sucursal 6356 'Trigalia - Resistencia' (Obligado 2900, LA LIGURIA, Chaco, pin -27.5003,-58.99) sin vincular	ARCHIVAR b58726cc-da33-4d40-bfc9-6ea50e842480	alta
g7_litoral	CORRIENTES	902c5276-c344-479d-bc12-cf89ba98a2f2	Molino Cañuelas	Trigalia - Resistencia		fila conservada sin siges_sucursal_id aunque la sucursal existe en Siges (6356)	api.json CORRIENTES.sucursales: sigesSucursalId 6356 Molino Cañuelas / Trigalia - Resistencia, Obligado 2900, LA LIGURIA, Chaco	TL	media
g7_litoral	CORRIENTES		Supermayorista Vital	Sucursal Resistencia	RESISTENCIA	cobertura: 34 incidentes desde 2026-03 (2 con km) sin fila activa	Siges 8971 (Ruta Nacional 16 Km 15400, RESISTENCIA, Chaco). La única fila de Tabla KM (8574e1ae) está archivada y con el nombre con tab inicial ('\t Supermayorista Vital', 60 negociado), por eso no matchea	CREAR_FILA	alta
g7_litoral	CORRIENTES		Banco Credicoop	490 - Margarita	MARGARITA	cobertura: 1 incidente 2026-04 con km atribuido a CORRIENTES; la sucursal es de Margarita, Santa Fe y su fila activa está bajo SUPERNOVA	Siges 7104 (Padre Bossio esq. Brig. Lopez, MARGARITA, Santa Fe); tabla_km 36469f02 bajo SUPERNOVA/SPST Santa Fe con 468 negociado. Decidir si CORRIENTES atiende Margarita (~350 km) o fue excepción	TL	media
g7_litoral	CORRIENTES	81229666-72e8-4d47-a4cf-c752f34740de	Natura	VERONICA MAIDANA	CORDOBA	sucursal en Córdoba capital asignada al PST CORRIENTES (675 km en línea recta), fila vacía	pin siges -31.4016836,-64.1620173 a 2.6 km del centroide de Córdoba; sin km. Probable error de asignación de PST en Siges	TL	media
g7_litoral	CDU	52506f11-9587-45a7-987e-371607cc2a59	Dia %	Tienda 0564 Larroque	LARROQUE	pin de Gestión 37 km al sur de Larroque, en zona rural	reverse -33.367417,-58.9981313 = Distrito Ceibas, Dpto Gualeguaychú (rural). search 'Urquiza 256, Larroque' = calle General Urquiza, Larroque (way 286356914, -33.0382537,-58.9964342); geocode ROOFTOP de Gestión -33.0349,-59.0004 (Av. Gral. Urquiza 256) cae sobre esa calle	PIN_MANUAL -33.0349,-59.0004 fuente=https://www.openstreetmap.org/way/286356914	media
g7_litoral	CDU	52506f11-9587-45a7-987e-371607cc2a59	Dia %	Tienda 0564 Larroque	LARROQUE	km medido con el pin rural: 147.5 ida cargado vs 115.3 real (-22%)	route Concepcion del Uruguay (-32.4794932,-58.2324141) -> Larroque (-33.0349,-59.0004) = 115.3 km ida	RECALCULAR_KM	alta
g7_litoral	CDU	c1973c12-933d-49f4-adbb-f8bc930961a2	Dia %	Tienda 1045 Concordia	CONCORDIA	pin de Gestión 21 km al oeste de Concordia, en zona rural (lon -58.243 vs -58.025)	reverse -31.3902116,-58.243081 = Distrito Yuquerí, Dpto Concordia (rural). search 'Alvear 954, Concordia' = way 507679263 -31.3900501,-58.0246344 (shop=supermarket Dia, Alvear 954). route CDU -> ahí = 143.6 vs 145.5 cargado (-1.3%, no hace falta recalcular)	PIN_MANUAL -31.3900501,-58.0246344 fuente=https://www.openstreetmap.org/way/507679263	alta
g7_litoral	CDU	351a58ff-7be5-4ebc-8c74-5c324eba1dbf	Dia %	Tienda 6064 Gualeguaychu	GUALEGUAYCHU	pin de Gestión 17 km al sur de Gualeguaychú, en zona rural	reverse -33.16616,-58.528798 = Distrito Costa Uruguay Sur (rural). search 'Artigas 1657, Gualeguaychú' = way 1181454992 -33.0168975,-58.5290599 (Av. General Artigas 1657, barrio Hipódromo), coincide con geocode ROOFTOP de Gestión	PIN_MANUAL -33.0168975,-58.5290599 fuente=https://www.openstreetmap.org/way/1181454992	alta
g7_litoral	CDU	351a58ff-7be5-4ebc-8c74-5c324eba1dbf	Dia %	Tienda 6064 Gualeguaychu	GUALEGUAYCHU	km medido con el pin rural: 111.2 ida cargado vs 75.7 real (-32%)	route Concepcion del Uruguay -> Av. Artigas 1657 (-33.0168975,-58.5290599) = 75.7 km ida	RECALCULAR_KM	alta
g7_litoral	CDU	26727be5-2aaf-4977-b262-d629efbb901f	OCA	CONCORDIA 2	Concordia	DUP_NOMBRE: fila negociada vieja (55c19dd3, 314 km, sin siges) duplica a la creada el 05/09 con Siges 12081	26727be5: siges 12081, medida 159.111 ida / 319.169 a facturar. 55c19dd3: negociada 314 (2026-07-02), sin pin ni siges. Diferencia 1.6%: la medida reemplaza al negociado sin trasladar	ARCHIVAR 55c19dd3-f71a-4c3c-800e-ba4ba58746e6	alta
g7_litoral	CHACO	8a403000-9b26-402d-b797-50b0e6c8bad6	Musimundo	FORMOSA 1	FORMOSA	km medido desde Resistencia aunque base_mas_cercana es la sede 'Formosa - Adan Gabriel Saucedo' (Siges 9770) a 1.3 km	route Resistencia (-27.4518622,-58.9855546) -> pin = 173.9 = 173.867 cargado; route sede Formosa (-26.1868309,-58.1787411) -> pin = 1.5 km. Definir si la sede 9770 es base operativa de CHACO (está a 350 m de la base del PST FORMOSA): si sí, RECALCULAR_KM (1.5 ida, factura 0)	TL	alta
g7_litoral	CHACO	458f1982-e026-464d-8d99-6e736fc1fafa	Musimundo	FORMOSA 2	FORMOSA	km medido desde Resistencia (173.2 ida) con la sede Formosa a 0.3 km; además el pin coincide exactamente con la base del PST FORMOSA	pin -26.1857768,-58.1755669 = coordenadas de 'PST Formosa - Ricardo Armoa' (bases.json). Misma decisión que FORMOSA 1: si la sede 9770 es base, RECALCULAR_KM (<1 km)	TL	alta
g7_litoral	CHACO	5c366b41-078f-4105-a8cf-f9cf165fcc84	Musimundo	CLORINDA	CLORINDA	flag KM_MUY_SUPERIOR_A_LINEA_RECTA: 288.4 ida es la ruta desde Resistencia, no desde la sede Formosa usada como base	route sede Formosa -> Clorinda (-25.2866184,-57.7133893) = 117.5 km ida (cargado 288.436). Pin correcto (0.4 km del centroide). Si la sede 9770 es base, RECALCULAR_KM	TL	alta
g7_litoral	CHACO	24db298f-9871-41c2-8730-4e9fa38b5bd6	Musimundo	PIRANE	PIRANE	ratio 2.08: 220.1 ida medido desde Resistencia, no desde la sede Formosa	route sede Formosa -> Pirané (-25.7324944,-59.1070031) = 116.0 km ida (cargado 220.1). Si la sede 9770 es base, RECALCULAR_KM	TL	alta
g7_litoral	CHACO	d9203d88-c54c-4a6d-b8e9-bd4223592277	Musimundo	LAS LOMITAS	LAS LOMITAS	415.8 ida medido desde Resistencia, no desde la sede Formosa	route sede Formosa -> Las Lomitas (-24.7011751,-60.5926325) = 298.1 km ida (cargado 415.803). Si la sede 9770 es base, RECALCULAR_KM	TL	alta
g7_litoral	CHACO	21c80855-923d-4f4a-97af-3103f3a99ac0	Musimundo	OBERA	OBERA	7 filas de Misiones con base_mas_cercana = sede Formosa (Calico OBERA c245c450, Cartocor CAPIOVI 2f26721b, Musimundo ARISTOBULO 1b189375, JARDIN AMERICA 59944747, OBERA 21c80855, PUERTO RICO a2d2de85, OCA OBERA 5a459000) están medidas desde Resistencia y eso es lo correcto	route Resistencia -> Musimundo OBERA = 423.6 = 423.61 cargado; route sede Formosa -> OBERA = 591.2 (pasa por Resistencia). La 'sede más cercana' en línea recta no es la más cercana por ruta; mantener	OK	alta
g7_litoral	CHACO	c38efd56-1c73-480a-a035-2d30e59988ea	Papel Misionero	Planta Misiones	CAPIOVI	negociado 186 km (ida+vuelta) imposible: Capioví está a ~400 km por ruta de Resistencia	Cartocor 'Zucamor Papel Misionero' en la misma localidad (2f26721b, pin -26.928,-55.060) tiene 449.2 km ida medidos / 898.4 a facturar; 186 total < línea recta ida (321 km desde Formosa, ~420 desde Resistencia). Sin pin ni siges_id	TL	alta
g7_litoral	CHACO	81766842-5e3f-41be-a493-3703f8ab42a7	Aerolineas Argentinas	Aeropuerto Iguazu	PUERTO IGUAZU	pin de Gestión en Municipio de San Antonio (Misiones), 70 km del aeropuerto; fila vacía (sin km)	reverse -25.9130343,-53.9536635 = Municipio de San Antonio, Dpto Gral. Manuel Belgrano. search = relation 6545804 -25.7369243,-54.4743743 Aeropuerto Internacional Cataratas del Iguazú	PIN_MANUAL -25.7369243,-54.4743743 fuente=https://www.openstreetmap.org/relation/6545804	alta
g7_litoral	CHACO		Musimundo	COLORADO	EL COLORADO	cobertura: 2 incidentes (último 2026-06) sin fila; sucursal existe en Siges sin cargar	api.json CHACO.sucursales: Siges 11621 Musimundo / COLORADO, AV SAN MARTIN 100, EL COLORADO, Formosa, yaCargada=false; geocode RANGE_INTERPOLATED -26.3103296,-59.375006	CREAR_FILA	alta
g7_litoral	CHACO		Musimundo	COLORADO	EL COLORADO	pin de Gestión fuera de Argentina (36.778261,-119.417932 = default de Google en California)	api.json CHACO.pines_sospechosos Siges 11621, discrepancia 9.487 km; corregir en Gestión antes de medir (geocode El Colorado -26.3103,-59.3750)	GESTION	alta
g7_litoral	CHACO		Musimundo	FORMOSA 3	FORMOSA	cobertura: 2 incidentes (último 2026-08) sin fila; sucursal existe en Siges sin cargar	api.json CHACO.sucursales: Siges 11626 Musimundo / FORMOSA 3, 'Manzana 27, Parcela 45', FORMOSA, yaCargada=false. Dirección no geocodificable (APPROXIMATE al centro de Formosa)	CREAR_FILA	alta
g7_litoral	CHACO		Musimundo	FORMOSA 3	FORMOSA	pin de Gestión fuera de Argentina (36.778261,-119.417932) y domicilio sin calle	api.json CHACO.pines_sospechosos Siges 11626; hace falta pin real en Gestión (misma decisión de base que FORMOSA 1/2)	GESTION	alta
g7_litoral	MACARONE	174ed858-d693-4766-afd8-64f7e95bfa0a	Banco Credicoop	335 - Sastre	SASTRE	pin de Gestión en CABA (-34.6036,-58.4601), 295 km del geocode; hoy no afecta (negociada 349 sin pin)	pin_gestion_sospechoso: Gestión -34.6036,-58.4601 vs geocode -32.7429,-60.7338 (San Lorenzo, tampoco es Sastre). Sastre está en -31.77,-61.83	GESTION	alta
g8_bsas_sur	MDQ	a279a3e8-4290-4952-bb6b-403e2195c91a	Dia %	Tienda 0172 Mar Del Plata	MAR DEL PLATA	pin en el mar, 46 km al sur de la sede (KM_MENOR_QUE_LINEA_RECTA); km medido con ese pin	"reverse -38.419852,-57.5476181 sin resultado (océano); search ""12 de Octubre 3444, Mar del Plata"" -> supermercado Dia -38.0419231,-57.5475205 (node 7248599296); route sede -38.00782,-57.54955 -> 5.7 km (cargado ida 31.641, factura 63.823)"	PIN_MANUAL -38.0419231,-57.5475205 fuente=https://www.openstreetmap.org/node/7248599296	alta
g8_bsas_sur	MDQ	a279a3e8-4290-4952-bb6b-403e2195c91a	Dia %	Tienda 0172 Mar Del Plata	MAR DEL PLATA	km ida 31.6 medido con pin en el mar; ruta real 5.7 km (bajo umbral, factura pasa de 63.8 a 0)	route -38.00782,-57.54955 -> -38.0419231,-57.5475205 = 5.7 km	RECALCULAR_KM	alta
g8_bsas_sur	CHIVILCOY	ea0ea9d5-5f64-43cc-9bcc-825b3e9bd9f8	Dia %	Tienda 5414 Alberti	ALBERTI	pin rural en Partido de 25 de Mayo, 30 km al sur de Alberti; km 85.6 medido con ese pin	"reverse -35.30491,-60.280476 -> Partido de Veinticinco de Mayo (campo); search ""Dia, Alberti"" -> Dia, Avenida Vaccarezza 216, Alberti -35.0302355,-60.2800128 (way 1185347558); route Ricser Chivilcoy -34.89740,-60.01468 -> 39.3 km"	PIN_MANUAL -35.0302355,-60.2800128 fuente=https://www.openstreetmap.org/way/1185347558	alta
g8_bsas_sur	CHIVILCOY	ea0ea9d5-5f64-43cc-9bcc-825b3e9bd9f8	Dia %	Tienda 5414 Alberti	ALBERTI	km ida 85.6 vs ruta real 39.3 (factura 169.6 -> ~79)	route -34.89740,-60.01468 -> -35.0302355,-60.2800128 = 39.3 km	RECALCULAR_KM	alta
g8_bsas_sur	CHIVILCOY	7db70364-3bf6-4c94-bf8f-c7a9826e72c4	Los Grobo Agropecuaria	Lincoln	LINCOLN	pin -38.416097,-63.6166719 = centroide de Argentina (placeholder), 436 km de Lincoln; fila vacía sin km	"search ""Los Grobo Agropecuaria, Lincoln"" y ""Los Grobo, Lincoln"" sin resultado; RN188 en Lincoln: way 49302262 -34.8409832,-61.4968790 y way 989155149 -34.8351693,-61.5549503 (km 218 no ubicable). Km esperado desde Chivilcoy ~171 ida (Nutrien Lincoln 10ad830d y Prov. Microempresas 09340f45 miden 171.3-171.5)"	GESTION	media
g8_bsas_sur	CHIVILCOY	b00d5dea-5cbe-47e8-bf45-117efda22066	Nutrien	General Arenales CERRADA	GENERAL ARENALES	pin en Partido de Bolívar, 216 km de General Arenales (mismo sector que Nutrien Bolívar de OLAVARRIA); km 212 medido a Bolívar. Sucursal marcada CERRADA	"reverse -36.2397373,-61.186037 -> Partido de Bolívar; search ""Ruta 50 y Ruta 65, General Arenales"" sin resultado; search ""Estación General Arenales"" -> Estación Arenales -34.2725827,-61.2937038 (node 198449962), pueblo -34.3037291,-61.3062916; route Chivilcoy -> pueblo 162.3 km (cargado ida 211.9, factura 422.2)"	GESTION	media
g8_bsas_sur	JUNIN	fc103211-fa1e-4f6e-a142-e80bca2e77d5	AMI MUSIC	A34 - DASH Junin	JUNIN	pin en Vicuña Mackenna, Córdoba, 322 km de Junín; km 328 medido a Córdoba (factura 656)	"reverse -33.9305757,-64.3551334 -> Villa Pueyrredón, Vicuña Mackenna, Dpto Río Cuarto, Córdoba; search ""DASH, Junín"" sin resultado; calle Sargento Cabral existe en Junín (way 280903112 -34.5867219,-60.9618417, a ~2.5 km de la sede). Pin correcto queda dentro de Junín: km ida < 5, bajo umbral, factura 0"	GESTION	media
g8_bsas_sur	JUNIN	1701d8db-6309-41fe-88fa-b1be91d6ed78	Banco Santander Río	141 - JUNIN	JUNIN	KM_CON_PIN_SOSPECHOSO falso positivo: el pin de Gestión está bien, el geocode fue a Bella Vista	reverse -34.594,-60.9452 -> El Picaflor, Junín, Partido de Junín; dist al centroide 0.1 km; ratio 1.61	OK	alta
g8_bsas_sur	MDQ	4a99f318-d4f1-477b-ba24-e36b01796d0d	Dia %	Tienda 5605 Villa Gesell	VILLA GESELL	ruta OSRM inflada x2: RP11 cortada en el grafo de OSRM entre Mar Chiquita y Villa Gesell; pin correcto (4 km del centroide)	route sede -> pin replica 226.4 km; route Mar Chiquita -37.74,-57.42 -> Villa Gesell -37.28566,-56.99298 (55 km en línea recta) da 231.9 km; sede -> Mar Chiquita 37.6 km. Negociadas MDQ a Villa Gesell (Santander 295 = 221, OCA = 219, Dia 5383 = 215, Arcos Dorados = 221 ida+vuelta) implican ~110 km ida. Cargado ida 226.4, factura 453.2 -> debería ser ~220	TL	alta
g8_bsas_sur	MDQ	ed541d57-8327-4f48-8282-a77e36f2dd6c	Galeno	Sucursal Carilo	CARILO	mismo problema RP11 cortada en OSRM: ida 209.5 vs línea recta 110 (ratio 1.9); real ~120 km ida	ver 4a99f318; Cariló = Villa Gesell (~110) + ~12 km por RP11. Factura 419.9 -> ~240	TL	media
g8_bsas_sur	MDQ	63226bd7-5d5b-405a-8163-e39a8c3036ec	Galeno - COLONOS	Sucursal Carilo- ART	CARILO	mismo problema RP11 cortada en OSRM: ida 209.5 vs línea recta 110 (ratio 1.9); real ~120 km ida (mismo pin que ed541d57)	ver 4a99f318; factura 419.9 -> ~240	TL	media
g8_bsas_sur	MDQ	51804954-8f87-46c4-9897-a0207b5b4121	OCA	PINAMAR	PINAMAR	mismo problema RP11 cortada en OSRM: ida 202.6 vs línea recta 116 (ratio 1.74); real ~125 km ida	route sede -> -37.112562,-56.865629 replica 202.6 km; negociadas MDQ a Pinamar (Arcos Dorados 253, Diarco 243, Galeno 255 ida+vuelta) implican ~125 ida. Factura 406.2 -> ~250	TL	media
g8_bsas_sur	MDQ	d7646433-853e-4903-96ad-1b99eeee387f	AUBASA	BASE CONSERVACION MADARIAGA	GENERAL MADARIAGA	ratio 1.51 por RP11 cortada en OSRM (ruta por RN2/RP74); diferencia con la ruta real < 15 %	route Villa Gesell -> Peaje Madariaga -37.0305885,-57.1349018 = 52.7 km; vía RP11 real ~110+53 = ~163 vs cargado 175.5 (7 %)	OK	media
g8_bsas_sur	MDQ	ed9ec25a-8f06-442f-9b37-3f00d861495b	AUBASA	PEAJE DE MADARIAGA	GENERAL MADARIAGA	ratio 1.51 por RP11 cortada en OSRM; diferencia con la ruta real < 15 %	ídem d7646433: ~163 real vs 173.6 cargado (6 %)	OK	media
g8_bsas_sur	OLAVARRIA	9ef9739f-a85c-4a19-8fc1-1a109543405b	Banco Santander Río	532 - GRAL. ALVEAR	GENERAL ALVEAR	pin en General Alvear, Mendoza (612 km de General Alvear, Bs. As.); fila vacía sin km	"search ""Juan Domingo Perón 545, General Alvear, Buenos Aires"" y ""Banco Santander Río, General Alvear, Partido de General Alvear"" sin resultado útil (devuelve Martínez); General Alvear (Bs. As.) centroide -36.0218215,-60.0144513; route Apex Olavarría -36.89209,-60.31494 -> pueblo 143.8 km ida (referencia)"	GESTION	media
g8_bsas_sur	PERGAMINO	6d7c99df-8d9d-4c7e-9413-f884c3e3fa36	Nutrien	El Arbolito - Bs. As	EL ARBOLITO	pin en Ezpeleta (Quilmes), 135 km de El Arbolito; km 253 medido al GBA (factura 505)	"reverse -34.7352811,-58.2300739 -> Ezpeleta Este, Partido de Quilmes; search ""El Arbolito, Colón, Buenos Aires"" -> apeadero ferroviario El Arbolito -33.9134608,-60.9430851 (node 1344456463; domicilio Gestión es ""Predio Estación El Arbolito"") y pueblo -33.9127670,-60.9430003; route Copiers Pergamino -33.90117,-60.56985 -> 42.2 km"	PIN_MANUAL -33.9134608,-60.9430851 fuente=https://www.openstreetmap.org/node/1344456463	alta
g8_bsas_sur	PERGAMINO	6d7c99df-8d9d-4c7e-9413-f884c3e3fa36	Nutrien	El Arbolito - Bs. As	EL ARBOLITO	km ida 252.9 vs ruta real 42.2 (factura 505.1 -> ~84)	route -33.90117,-60.56985 -> -33.9127670,-60.9430003 = 42.2 km	RECALCULAR_KM	alta
g8_bsas_sur	TANDIL	ff9f5093-47e6-40e3-bcbb-459d6c6c4df2	Dia %	Tienda 0441 Rauch	RAUCH	pin en Azul (barrio San Francisco de Asís), 71 km al oeste de Rauch (KM_CON_PIN_SOSPECHOSO); km 103 medido a Azul	"reverse -36.777248,-59.88369 -> San Francisco de Asís, Azul; search ""Coronel Suarez 150, Rauch"" -> casa -36.7773414,-59.0884180 (way 652550201, Centro, Rauch); route XERVICE Tandil -37.33294,-59.11442 -> 76.2 km"	PIN_MANUAL -36.7773414,-59.0884180 fuente=https://www.openstreetmap.org/way/652550201	alta
g8_bsas_sur	TANDIL	ff9f5093-47e6-40e3-bcbb-459d6c6c4df2	Dia %	Tienda 0441 Rauch	RAUCH	km ida 103.2 vs ruta real 76.2 (factura 206.7 -> ~152)	route -37.33294,-59.11442 -> -36.7773414,-59.0884180 = 76.2 km	RECALCULAR_KM	alta
g8_bsas_sur	TANDIL	68e8a1d8-4ce9-4844-ad0a-f9fdc388d560	Diarco	Tandil	TANDIL	pin en Roque Pérez, 215 km de Tandil (KM_CON_PIN_SOSPECHOSO); km 293 medido a Roque Pérez (factura 585)	"reverse -35.3992912,-59.3296457 -> Roque Pérez, Partido de Roque Pérez; search ""Diarco, Tandil"" -> Diarco RN226/RP30 Tandil -37.2871360,-59.1770300 (way 626655556, coincide con ""Ruta 226 km 172,5""); route XERVICE -37.33294,-59.11442 -> 9.0 km"	PIN_MANUAL -37.2871360,-59.1770300 fuente=https://www.openstreetmap.org/way/626655556	alta
g8_bsas_sur	TANDIL	68e8a1d8-4ce9-4844-ad0a-f9fdc388d560	Diarco	Tandil	TANDIL	km ida 292.9 vs ruta real 9.0 (bajo umbral: factura 585.2 -> 0)	route -37.33294,-59.11442 -> -37.2871360,-59.1770300 = 9.0 km	RECALCULAR_KM	alta
g8_bsas_sur	PERGAMINO	9cf9fb79-4e10-424d-a131-a736bf252b36	Diarco	Pergamino	PERGAMINO	KM_CON_PIN_SOSPECHOSO falso positivo: el geocode cayó en un tramo genérico de RN8 (183 km); el pin está en Pergamino	pin -33.9147246,-60.5859458 a 2.2 km del centroide de Pergamino, ratio 1.23; sin consulta OSM	OK	media
g8_bsas_sur	PERGAMINO	d5ebb973-ecd5-4d40-b08b-1e16387ad51e	OCA	PERGAMINO	PERGAMINO	KM_CON_PIN_SOSPECHOSO falso positivo: el geocode fue a Mariano Acosta (188 km); el pin está en Pergamino	pin -33.8912831,-60.5745999 a 0.7 km del centroide, ratio 1.6; sin consulta OSM	OK	media
g8_bsas_sur	MDQ	262b832a-d166-4165-99bc-4e18ba88f4f7	Dia %	Tienda 0199 Maipu	MAIPU	"dist_pin_a_localidad 274 km es falso positivo: el centroide usado fue ""Maipu, Baradero""; el pin está en Maipú (Partido de Maipú)"	reverse -36.863464,-57.880218 -> Maipú, Partido de Maipú, Buenos Aires; ratio 1.03	OK	alta
g8_bsas_sur	PERGAMINO	ab5fc78a-e47c-461b-a104-632c9cd2dd33	Dia %	Tienda 5187 Colon	COLON	"dist_pin_a_localidad 79 km es falso positivo: el centroide usado fue ""Colon, Zárate""; el pin está en Colón (Partido de Colón)"	reverse -33.8931825,-61.1021643 -> Colón, Partido de Colón; ratio 1.12	OK	alta
g8_bsas_sur	PERGAMINO	dc3a0edf-75b1-4f64-bdcc-c46175c46d50	Provincia Microempresas	6544 - Colon	COLON	"dist_pin_a_localidad 78 km es falso positivo (centroide ""Colon, Zárate""); pin a 0.4 km del de Dia 5187 Colón verificado"	ver ab5fc78a; ratio 1.12	OK	alta
g8_bsas_sur	OLAVARRIA	bc06d779-1667-4dc0-9fa6-73a6ddfa808a	Banco Credicoop	156 - Bolivar	BOLIVAR	dist_pin_a_localidad 106 km es falso positivo: el centroide usado fue la calle Bolívar en CABA; el pin está en San Carlos de Bolívar	reverse -36.2391263,-61.1255879 -> San José, San Carlos de Bolívar, Partido de Bolívar; ratio 1.02	OK	alta
g8_bsas_sur	OLAVARRIA	80126ee9-df1a-4b15-92c4-d982a1c879e6	Diarco	Bolivar (CERRADA)	BOLIVAR	dist_pin_a_localidad 106 km es falso positivo (centroide CABA); pin a 0.3 km del de Credicoop Bolívar verificado	ver bc06d779; ratio 1.02	OK	alta
g8_bsas_sur	OLAVARRIA	f6101b7f-cda7-4400-8f28-4db40edfc3a2	Nutrien	Bolivar - Bs. As.	BOLIVAR	dist_pin_a_localidad 110 km es falso positivo (centroide CABA); pin en Parque Industrial Bolívar a ~3 km del verificado	ver bc06d779; ratio 1.03	OK	alta
g8_bsas_sur	OLAVARRIA	1b322102-9229-4b74-b131-b968b2613ede	Provincia Microempresas	Bolivar	BOLIVAR	dist_pin_a_localidad 106 km es falso positivo (centroide CABA); pin geocode a 1 km del verificado	ver bc06d779; ratio 1.04	OK	alta
g8_bsas_sur	RIO GRANDE	ef932c0c-d153-45d7-822c-057c90333bf5	Aerolineas Argentinas	Aeropuerto Gob. Ramón Trejo Noel	RIO GRANDE	KM_MUY_SUPERIOR_A_LINEA_RECTA falso positivo: acceso al aeropuerto con rodeo real	route Victor Corti -53.76494,-67.73185 -> -53.78149,-67.7535099 = 6.1 km = cargado 6.143	OK	alta
g8_bsas_sur	BAHIA	6372a74b-bb94-43b5-89d7-1128680011a0	OCA	Bahía Blanca Postales	BAHIA BLANCA	SIN_PIN: Gestión tiene 36.7783,-119.4179 (California, EE.UU.); fila sin km	"geocode local RN3 Bahía Blanca -38.7469,-62.2879 (GEOMETRIC_CENTER, impreciso); search ""OCA, Ruta 3 km 697, Bahía Blanca"" sin resultado, ""OCA, Bahía Blanca"" solo sucursales céntricas (Pueyrredón 262, Chiclana 602). Cualquier punto de RN3 en Bahía Blanca queda a < 10 km de la sede: bajo umbral, factura 0"	GESTION	media
g8_bsas_sur	BAHIA	bd1816fa-7c9b-401c-86af-bcabb18135c4	Celsur Logistica S.A.	Petroquimica Puerto Galvan	BAHIA BLANCA	pin genérico del centro de Bahía Blanca (mismo pin que Arcos Dorados Av. Brown 266 y Los Grobo Venezuela 1222); Petroquímica Puerto Galván está en el puerto	"search ""Puerto Galván, Bahía Blanca"" -> -38.783333,-62.30 (node 198413656), ~8 km de la sede; bajo umbral 30, factura sigue 0. Ídem 8263bda5 y bd29a328 (ida 0.896 las tres)"	GESTION	media
g8_bsas_sur	COMODORO	3631ef41-29ae-4cd8-9390-8be036577123	EANA	Comodoro Rivadavia -Aeropuerto Internacional General Enrique Mosconi	COMODORO RIVADAVIA	pin = coordenadas exactas de la sede AEG (ida 0), igual que Diarco cb158db9 y OCA 131a9aa7; el aeropuerto está a 10.6 km	"search ""Aeropuerto General Enrique Mosconi, Comodoro Rivadavia"" -> way 264954681 -45.7870850,-67.4694308; route sede -45.86561,-67.48224 -> 10.6 km; bajo umbral, factura sigue 0"	GESTION	media
g8_bsas_sur	MDQ	a4a26ed1-063e-497b-9498-5b99d62c6f02	Lamb Weston	Mar del Plata	MAR DEL PLATA	pin genérico de Mar del Plata compartido con ADIUM Artigas 1220 y Pedidos Ya Alvarado 2835 (ida 1.264 las tres); Av. Vértiz 10500 está en el oeste de la ciudad	"search ""Avenida Vértiz 10500, Mar del Plata"" -> tramos de Av. Vértiz entre -57.567 y -57.606 (ROOFTOP no disponible); geocode Gestión -38.0067,-57.6085 a 6 km. Bajo umbral, factura sigue 0. Mismo patrón (un pin por ciudad para varias direcciones) en JUNIN (081ba566/95244c41/8edd7306, ida 2.38), TRELEW (9dd67c59/d3f2ef44/1cfccf51, ida 1.407), VIEDMA (61b9b596/ef0a0ea4), CHIVILCOY (682e424b/a52735f8): todos bajo umbral"	GESTION	baja
g8_bsas_sur	CHIVILCOY	10ad830d-7954-4b50-bac6-a0ed794d2753	Nutrien	Lincoln - Bs. As.	LINCOLN	"cobertura: incidentes CHIVILCOY de ""Nutrien|Lincoln 2"" (1, con km) sin fila activa de CHIVILCOY; la sucursal Siges 11150 solo tiene fila bajo INFOMAC (f4cccea1, medida desde Junín 62.5 km)"	"cobertura_incidentes.csv fila_activa=f; en tabla_km.csv ""Lincoln 2"" existe solo para INFOMAC. Pin Siges -34.8684492,-61.5290905 = mismo pin que Prov. Microempresas Lincoln 09340f45 (ida 171.3 desde Chivilcoy). Verificar con TL si el incidente era de CHIVILCOY o de INFOMAC"	CREAR_FILA	media
g8_bsas_sur	CHIVILCOY	25f6a86d-9e61-4331-9ce1-c85369a3c542	Nutrien	Vedia - Bs. As	VEDIA	"cobertura: incidentes CHIVILCOY de ""Dia %|Tienda 0571 Vedia"" (1, con km) sin fila activa de CHIVILCOY; Siges 13711 solo tiene fila bajo INFOMAC (11237805)"	cobertura_incidentes.csv fila_activa=f; pin Siges -34.49526,-61.54184 a 100 m del de Nutrien Vedia 25f6a86d (ida 161.9 desde Chivilcoy). Verificar con TL si corresponde a CHIVILCOY o INFOMAC	CREAR_FILA	media
g8_bsas_sur	CHIVILCOY	46baa06b-b958-4388-b56e-c246bbcd2b9f	Nutrien	Mechita - Bs. As.	MECHITA	"cobertura: incidentes CHIVILCOY de ""Nutrien|O´Higgins - Bs. As."" (1, con km) sin fila activa de CHIVILCOY; Siges 2021 solo tiene fila bajo INFOMAC (735ab2cd, 37.7 km desde Junín)"	cobertura_incidentes.csv fila_activa=f; pin Siges -34.5841342,-60.6996936 (Predio Estación O Higgins), línea recta desde Chivilcoy ~71 km (ida estimada ~85, sin route). Verificar con TL si corresponde a CHIVILCOY o INFOMAC	CREAR_FILA	media
g8_bsas_sur	MDQ	72210d7c-bdd5-4d88-a27f-e6df98dea4c7	Meli Log S.R.L.	SVC Mar del Plata  (MLO)	MAR DEL PLATA	"cobertura: 3 incidentes con ""SVC Mar del Plata (MLO)"" (un espacio) no matchean la fila activa, cuyo nombre Siges tiene doble espacio ""SVC Mar del Plata  (MLO)"" (1 incidente matchea)"	"api.json sucursal 14390 = ""SVC Mar del Plata  (MLO)"" (doble espacio); el motor compara lower(trim()) sin colapsar espacios internos. Fila actual ida 14.468 (bajo umbral). Opciones: fila gemela con un espacio (ida 14.468) o normalizar espacios internos en el motor"	CREAR_FILA	media
